"ListTitle","ListUrl","FieldTitle","InternalName","Type","Required","Indexed","Unique","LookupList","LookupField","Choices","Description"
"BL_Assets","/sites/BenutzerLifecycle/Lists/BL_Assets","Farbkennzeichnung","_ColorTag","Text","False","False","False",,,"",""
"BL_Assets","/sites/BenutzerLifecycle/Lists/BL_Assets","Bezeichnungseinstellung","_ComplianceFlags","Lookup","False","False","False",,"ComplianceFlags","",""
"BL_Assets","/sites/BenutzerLifecycle/Lists/BL_Assets","Aufbewahrungsbezeichnung","_ComplianceTag","Lookup","False","False","False",,"ComplianceTag","",""
"BL_Assets","/sites/BenutzerLifecycle/Lists/BL_Assets","Bezeichnung angewendet von","_ComplianceTagUserId","Lookup","False","False","False",,"ComplianceTagUserId","",""
"BL_Assets","/sites/BenutzerLifecycle/Lists/BL_Assets","Aufbewahrungsbezeichnung angewendet.","_ComplianceTagWrittenTime","Lookup","False","False","False",,"ComplianceTagWrittenTime","",""
"BL_Assets","/sites/BenutzerLifecycle/Lists/BL_Assets","Element ist eine Aufzeichnung","_IsRecord","Computed","False","False","False",,,"",""
"BL_Assets","/sites/BenutzerLifecycle/Lists/BL_Assets","Version","_UIVersionString","Text","False","False","False",,,"",""
"BL_Assets","/sites/BenutzerLifecycle/Lists/BL_Assets","App erstellt von","AppAuthor","Lookup","False","False","False","AppPrincipals","Title","",""
"BL_Assets","/sites/BenutzerLifecycle/Lists/BL_Assets","App geändert von","AppEditor","Lookup","False","False","False","AppPrincipals","Title","",""
"BL_Assets","/sites/BenutzerLifecycle/Lists/BL_Assets","Anlagen","Attachments","Attachments","False","False","False",,,"",""
"BL_Assets","/sites/BenutzerLifecycle/Lists/BL_Assets","Erstellt von","Author","User","False","False","False",,"","",""
"BL_Assets","/sites/BenutzerLifecycle/Lists/BL_Assets","Complianceobjekt-ID","ComplianceAssetId","Text","False","False","False",,,"",""
"BL_Assets","/sites/BenutzerLifecycle/Lists/BL_Assets","Inhaltstyp","ContentType","Computed","False","False","False",,,"",""
"BL_Assets","/sites/BenutzerLifecycle/Lists/BL_Assets","Erstellt","Created","DateTime","False","False","False",,,"",""
"BL_Assets","/sites/BenutzerLifecycle/Lists/BL_Assets","Typ","DocIcon","Computed","False","False","False",,,"",""
"BL_Assets","/sites/BenutzerLifecycle/Lists/BL_Assets","Bearbeiten","Edit","Computed","False","False","False",,,"",""
"BL_Assets","/sites/BenutzerLifecycle/Lists/BL_Assets","Geändert von","Editor","User","False","False","False",,"","",""
"BL_Assets","/sites/BenutzerLifecycle/Lists/BL_Assets","Untergeordnete Ordneranzahl","FolderChildCount","Lookup","False","False","False",,"FolderChildCount","",""
"BL_Assets","/sites/BenutzerLifecycle/Lists/BL_Assets","ID","ID","Counter","False","False","False",,,"",""
"BL_Assets","/sites/BenutzerLifecycle/Lists/BL_Assets","Untergeordnete Elementanzahl","ItemChildCount","Lookup","False","False","False",,"ItemChildCount","",""
"BL_Assets","/sites/BenutzerLifecycle/Lists/BL_Assets","Titel","LinkTitle","Computed","False","False","False",,,"",""
"BL_Assets","/sites/BenutzerLifecycle/Lists/BL_Assets","Titel","LinkTitleNoMenu","Computed","False","False","False",,,"",""
"BL_Assets","/sites/BenutzerLifecycle/Lists/BL_Assets","Geändert","Modified","DateTime","False","False","False",,,"",""
"BL_Assets","/sites/BenutzerLifecycle/Lists/BL_Assets","Titel","Title","Text","False","False","False",,,"",""
"BL_Aufgaben","/sites/BenutzerLifecycle/Lists/BL_Aufgaben","Farbkennzeichnung","_ColorTag","Text","False","False","False",,,"",""
"BL_Aufgaben","/sites/BenutzerLifecycle/Lists/BL_Aufgaben","Bezeichnungseinstellung","_ComplianceFlags","Lookup","False","False","False",,"ComplianceFlags","",""
"BL_Aufgaben","/sites/BenutzerLifecycle/Lists/BL_Aufgaben","Aufbewahrungsbezeichnung","_ComplianceTag","Lookup","False","False","False",,"ComplianceTag","",""
"BL_Aufgaben","/sites/BenutzerLifecycle/Lists/BL_Aufgaben","Bezeichnung angewendet von","_ComplianceTagUserId","Lookup","False","False","False",,"ComplianceTagUserId","",""
"BL_Aufgaben","/sites/BenutzerLifecycle/Lists/BL_Aufgaben","Aufbewahrungsbezeichnung angewendet.","_ComplianceTagWrittenTime","Lookup","False","False","False",,"ComplianceTagWrittenTime","",""
"BL_Aufgaben","/sites/BenutzerLifecycle/Lists/BL_Aufgaben","Element ist eine Aufzeichnung","_IsRecord","Computed","False","False","False",,,"",""
"BL_Aufgaben","/sites/BenutzerLifecycle/Lists/BL_Aufgaben","Version","_UIVersionString","Text","False","False","False",,,"",""
"BL_Aufgaben","/sites/BenutzerLifecycle/Lists/BL_Aufgaben","App erstellt von","AppAuthor","Lookup","False","False","False","AppPrincipals","Title","",""
"BL_Aufgaben","/sites/BenutzerLifecycle/Lists/BL_Aufgaben","App geändert von","AppEditor","Lookup","False","False","False","AppPrincipals","Title","",""
"BL_Aufgaben","/sites/BenutzerLifecycle/Lists/BL_Aufgaben","Anlagen","Attachments","Attachments","False","False","False",,,"",""
"BL_Aufgaben","/sites/BenutzerLifecycle/Lists/BL_Aufgaben","Erstellt von","Author","User","False","False","False",,"","",""
"BL_Aufgaben","/sites/BenutzerLifecycle/Lists/BL_Aufgaben","BL_AssignedGroup","BL_AssignedGroup","User","False","False","False",,"ImnName","",""
"BL_Aufgaben","/sites/BenutzerLifecycle/Lists/BL_Aufgaben","zugewiesen","BL_AssignedTo","User","False","False","False",,"","",""
"BL_Aufgaben","/sites/BenutzerLifecycle/Lists/BL_Aufgaben","Vorgang","BL_CaseLookup","Lookup","False","False","False","BL_Vorgaenge","Title","",""
"BL_Aufgaben","/sites/BenutzerLifecycle/Lists/BL_Aufgaben","Kommentar","BL_Comment","Note","False","False","False",,,"",""
"BL_Aufgaben","/sites/BenutzerLifecycle/Lists/BL_Aufgaben","BL_DoneAt","BL_DoneAt","DateTime","False","False","False",,,"",""
"BL_Aufgaben","/sites/BenutzerLifecycle/Lists/BL_Aufgaben","Fällig","BL_DueDate","DateTime","False","False","False",,,"",""
"BL_Aufgaben","/sites/BenutzerLifecycle/Lists/BL_Aufgaben","kritisch","BL_IsCritical","Boolean","False","False","False",,,"",""
"BL_Aufgaben","/sites/BenutzerLifecycle/Lists/BL_Aufgaben","BL_SortOrder","BL_SortOrder","Number","False","False","False",,,"",""
"BL_Aufgaben","/sites/BenutzerLifecycle/Lists/BL_Aufgaben","Bereich","BL_TaskArea","Choice","False","False","False",,,"IT | HR | Fachbereich",""
"BL_Aufgaben","/sites/BenutzerLifecycle/Lists/BL_Aufgaben","BL_TaskAreaText","BL_TaskAreaText","Text","False","False","False",,,"",""
"BL_Aufgaben","/sites/BenutzerLifecycle/Lists/BL_Aufgaben","Aufgabenkatalog","BL_TaskCatalogLookup","Lookup","False","False","False","BL_Aufgabenkatalog","BL_TaskName","",""
"BL_Aufgaben","/sites/BenutzerLifecycle/Lists/BL_Aufgaben","Beschreibung","BL_TaskDescription","Note","False","False","False",,,"",""
"BL_Aufgaben","/sites/BenutzerLifecycle/Lists/BL_Aufgaben","Status","BL_TaskStatus","Choice","False","False","False",,,"Offen | in Bearbeitung | Erledigt | Blockiert | Nicht erforderlich | Überfällig",""
"BL_Aufgaben","/sites/BenutzerLifecycle/Lists/BL_Aufgaben","Complianceobjekt-ID","ComplianceAssetId","Text","False","False","False",,,"",""
"BL_Aufgaben","/sites/BenutzerLifecycle/Lists/BL_Aufgaben","Inhaltstyp","ContentType","Computed","False","False","False",,,"",""
"BL_Aufgaben","/sites/BenutzerLifecycle/Lists/BL_Aufgaben","Erstellt","Created","DateTime","False","False","False",,,"",""
"BL_Aufgaben","/sites/BenutzerLifecycle/Lists/BL_Aufgaben","Typ","DocIcon","Computed","False","False","False",,,"",""
"BL_Aufgaben","/sites/BenutzerLifecycle/Lists/BL_Aufgaben","Bearbeiten","Edit","Computed","False","False","False",,,"",""
"BL_Aufgaben","/sites/BenutzerLifecycle/Lists/BL_Aufgaben","Geändert von","Editor","User","False","False","False",,"","",""
"BL_Aufgaben","/sites/BenutzerLifecycle/Lists/BL_Aufgaben","Untergeordnete Ordneranzahl","FolderChildCount","Lookup","False","False","False",,"FolderChildCount","",""
"BL_Aufgaben","/sites/BenutzerLifecycle/Lists/BL_Aufgaben","ID","ID","Counter","False","False","False",,,"",""
"BL_Aufgaben","/sites/BenutzerLifecycle/Lists/BL_Aufgaben","Untergeordnete Elementanzahl","ItemChildCount","Lookup","False","False","False",,"ItemChildCount","",""
"BL_Aufgaben","/sites/BenutzerLifecycle/Lists/BL_Aufgaben","Titel","LinkTitle","Computed","False","False","False",,,"",""
"BL_Aufgaben","/sites/BenutzerLifecycle/Lists/BL_Aufgaben","Titel","LinkTitleNoMenu","Computed","False","False","False",,,"",""
"BL_Aufgaben","/sites/BenutzerLifecycle/Lists/BL_Aufgaben","Geändert","Modified","DateTime","False","False","False",,,"",""
"BL_Aufgaben","/sites/BenutzerLifecycle/Lists/BL_Aufgaben","Titel","Title","Text","False","False","False",,,"",""
"BL_Aufgabenkatalog","/sites/BenutzerLifecycle/Lists/BL_Aufgabenkatalog","Farbkennzeichnung","_ColorTag","Text","False","False","False",,,"",""
"BL_Aufgabenkatalog","/sites/BenutzerLifecycle/Lists/BL_Aufgabenkatalog","Bezeichnungseinstellung","_ComplianceFlags","Lookup","False","False","False",,"ComplianceFlags","",""
"BL_Aufgabenkatalog","/sites/BenutzerLifecycle/Lists/BL_Aufgabenkatalog","Aufbewahrungsbezeichnung","_ComplianceTag","Lookup","False","False","False",,"ComplianceTag","",""
"BL_Aufgabenkatalog","/sites/BenutzerLifecycle/Lists/BL_Aufgabenkatalog","Bezeichnung angewendet von","_ComplianceTagUserId","Lookup","False","False","False",,"ComplianceTagUserId","",""
"BL_Aufgabenkatalog","/sites/BenutzerLifecycle/Lists/BL_Aufgabenkatalog","Aufbewahrungsbezeichnung angewendet.","_ComplianceTagWrittenTime","Lookup","False","False","False",,"ComplianceTagWrittenTime","",""
"BL_Aufgabenkatalog","/sites/BenutzerLifecycle/Lists/BL_Aufgabenkatalog","Erstellt über","_FormSourceId_0","Text","False","True","False",,,"",""
"BL_Aufgabenkatalog","/sites/BenutzerLifecycle/Lists/BL_Aufgabenkatalog","Element ist eine Aufzeichnung","_IsRecord","Computed","False","False","False",,,"",""
"BL_Aufgabenkatalog","/sites/BenutzerLifecycle/Lists/BL_Aufgabenkatalog","Version","_UIVersionString","Text","False","False","False",,,"",""
"BL_Aufgabenkatalog","/sites/BenutzerLifecycle/Lists/BL_Aufgabenkatalog","App erstellt von","AppAuthor","Lookup","False","False","False","AppPrincipals","Title","",""
"BL_Aufgabenkatalog","/sites/BenutzerLifecycle/Lists/BL_Aufgabenkatalog","App geändert von","AppEditor","Lookup","False","False","False","AppPrincipals","Title","",""
"BL_Aufgabenkatalog","/sites/BenutzerLifecycle/Lists/BL_Aufgabenkatalog","Anlagen","Attachments","Attachments","False","False","False",,,"",""
"BL_Aufgabenkatalog","/sites/BenutzerLifecycle/Lists/BL_Aufgabenkatalog","Erstellt von","Author","User","False","False","False",,"","",""
"BL_Aufgabenkatalog","/sites/BenutzerLifecycle/Lists/BL_Aufgabenkatalog","BL_TaskArea","BL_TaskArea","Choice","False","False","False",,,"IT | HR | Fachbereich",""
"BL_Aufgabenkatalog","/sites/BenutzerLifecycle/Lists/BL_Aufgabenkatalog","BL_TaskAreaLookup","BL_TaskAreaLookup","Lookup","False","False","False","BL_TaskAreaOwners","Title","",""
"BL_Aufgabenkatalog","/sites/BenutzerLifecycle/Lists/BL_Aufgabenkatalog","BL_TaskDescription","BL_TaskDescription","Note","False","False","False",,,"",""
"BL_Aufgabenkatalog","/sites/BenutzerLifecycle/Lists/BL_Aufgabenkatalog","BL_TaskName","BL_TaskName","Text","False","False","False",,,"",""
"BL_Aufgabenkatalog","/sites/BenutzerLifecycle/Lists/BL_Aufgabenkatalog","Complianceobjekt-ID","ComplianceAssetId","Text","False","False","False",,,"",""
"BL_Aufgabenkatalog","/sites/BenutzerLifecycle/Lists/BL_Aufgabenkatalog","Inhaltstyp","ContentType","Computed","False","False","False",,,"",""
"BL_Aufgabenkatalog","/sites/BenutzerLifecycle/Lists/BL_Aufgabenkatalog","Erstellt","Created","DateTime","False","False","False",,,"",""
"BL_Aufgabenkatalog","/sites/BenutzerLifecycle/Lists/BL_Aufgabenkatalog","Typ","DocIcon","Computed","False","False","False",,,"",""
"BL_Aufgabenkatalog","/sites/BenutzerLifecycle/Lists/BL_Aufgabenkatalog","Bearbeiten","Edit","Computed","False","False","False",,,"",""
"BL_Aufgabenkatalog","/sites/BenutzerLifecycle/Lists/BL_Aufgabenkatalog","Geändert von","Editor","User","False","False","False",,"","",""
"BL_Aufgabenkatalog","/sites/BenutzerLifecycle/Lists/BL_Aufgabenkatalog","Untergeordnete Ordneranzahl","FolderChildCount","Lookup","False","False","False",,"FolderChildCount","",""
"BL_Aufgabenkatalog","/sites/BenutzerLifecycle/Lists/BL_Aufgabenkatalog","ID","ID","Counter","False","False","False",,,"",""
"BL_Aufgabenkatalog","/sites/BenutzerLifecycle/Lists/BL_Aufgabenkatalog","Untergeordnete Elementanzahl","ItemChildCount","Lookup","False","False","False",,"ItemChildCount","",""
"BL_Aufgabenkatalog","/sites/BenutzerLifecycle/Lists/BL_Aufgabenkatalog","Titel","LinkTitle","Computed","False","False","False",,,"",""
"BL_Aufgabenkatalog","/sites/BenutzerLifecycle/Lists/BL_Aufgabenkatalog","Titel","LinkTitleNoMenu","Computed","False","False","False",,,"",""
"BL_Aufgabenkatalog","/sites/BenutzerLifecycle/Lists/BL_Aufgabenkatalog","Geändert","Modified","DateTime","False","False","False",,,"",""
"BL_Aufgabenkatalog","/sites/BenutzerLifecycle/Lists/BL_Aufgabenkatalog","Titel","Title","Text","False","False","False",,,"",""
"BL_Aufgabenkatalog","/sites/BenutzerLifecycle/Lists/BL_Aufgabenkatalog","Wunschtermin","Wunschtermin","DateTime","False","False","False",,,"","Wunschtermin, bis wann die Aufgabe abgeschlossen sein sollte."
"BL_Rollenprofil_Aufgaben","/sites/BenutzerLifecycle/Lists/BL_Rollenprofil_Aufgaben","Farbkennzeichnung","_ColorTag","Text","False","False","False",,,"",""
"BL_Rollenprofil_Aufgaben","/sites/BenutzerLifecycle/Lists/BL_Rollenprofil_Aufgaben","Bezeichnungseinstellung","_ComplianceFlags","Lookup","False","False","False",,"ComplianceFlags","",""
"BL_Rollenprofil_Aufgaben","/sites/BenutzerLifecycle/Lists/BL_Rollenprofil_Aufgaben","Aufbewahrungsbezeichnung","_ComplianceTag","Lookup","False","False","False",,"ComplianceTag","",""
"BL_Rollenprofil_Aufgaben","/sites/BenutzerLifecycle/Lists/BL_Rollenprofil_Aufgaben","Bezeichnung angewendet von","_ComplianceTagUserId","Lookup","False","False","False",,"ComplianceTagUserId","",""
"BL_Rollenprofil_Aufgaben","/sites/BenutzerLifecycle/Lists/BL_Rollenprofil_Aufgaben","Aufbewahrungsbezeichnung angewendet.","_ComplianceTagWrittenTime","Lookup","False","False","False",,"ComplianceTagWrittenTime","",""
"BL_Rollenprofil_Aufgaben","/sites/BenutzerLifecycle/Lists/BL_Rollenprofil_Aufgaben","Element ist eine Aufzeichnung","_IsRecord","Computed","False","False","False",,,"",""
"BL_Rollenprofil_Aufgaben","/sites/BenutzerLifecycle/Lists/BL_Rollenprofil_Aufgaben","Version","_UIVersionString","Text","False","False","False",,,"",""
"BL_Rollenprofil_Aufgaben","/sites/BenutzerLifecycle/Lists/BL_Rollenprofil_Aufgaben","App erstellt von","AppAuthor","Lookup","False","False","False","AppPrincipals","Title","",""
"BL_Rollenprofil_Aufgaben","/sites/BenutzerLifecycle/Lists/BL_Rollenprofil_Aufgaben","App geändert von","AppEditor","Lookup","False","False","False","AppPrincipals","Title","",""
"BL_Rollenprofil_Aufgaben","/sites/BenutzerLifecycle/Lists/BL_Rollenprofil_Aufgaben","Anlagen","Attachments","Attachments","False","False","False",,,"",""
"BL_Rollenprofil_Aufgaben","/sites/BenutzerLifecycle/Lists/BL_Rollenprofil_Aufgaben","Erstellt von","Author","User","False","False","False",,"","",""
"BL_Rollenprofil_Aufgaben","/sites/BenutzerLifecycle/Lists/BL_Rollenprofil_Aufgaben","BL_AssignedTo","BL_AssignedTo","User","False","False","False",,"","",""
"BL_Rollenprofil_Aufgaben","/sites/BenutzerLifecycle/Lists/BL_Rollenprofil_Aufgaben","BL_DueOffsetDays","BL_DueOffsetDays","Number","False","False","False",,,"",""
"BL_Rollenprofil_Aufgaben","/sites/BenutzerLifecycle/Lists/BL_Rollenprofil_Aufgaben","BL_IsActive","BL_IsActive","Boolean","False","False","False",,,"",""
"BL_Rollenprofil_Aufgaben","/sites/BenutzerLifecycle/Lists/BL_Rollenprofil_Aufgaben","BL_IsCritical","BL_IsCritical","Boolean","False","False","False",,,"",""
"BL_Rollenprofil_Aufgaben","/sites/BenutzerLifecycle/Lists/BL_Rollenprofil_Aufgaben","BL_ProcessType","BL_ProcessType","Choice","False","False","False",,,"Eintritt | Änderung | Austritt",""
"BL_Rollenprofil_Aufgaben","/sites/BenutzerLifecycle/Lists/BL_Rollenprofil_Aufgaben","BL_RoleProfile","BL_RoleProfile","Lookup","False","False","False","BL_Rollenprofile","BL_Rollenprofile","",""
"BL_Rollenprofil_Aufgaben","/sites/BenutzerLifecycle/Lists/BL_Rollenprofil_Aufgaben","BL_SortOrder","BL_SortOrder","Number","False","False","False",,,"",""
"BL_Rollenprofil_Aufgaben","/sites/BenutzerLifecycle/Lists/BL_Rollenprofil_Aufgaben","BL_TaskTemplate","BL_TaskTemplate","Lookup","False","False","False","BL_Aufgabenkatalog","BL_TaskName","",""
"BL_Rollenprofil_Aufgaben","/sites/BenutzerLifecycle/Lists/BL_Rollenprofil_Aufgaben","Complianceobjekt-ID","ComplianceAssetId","Text","False","False","False",,,"",""
"BL_Rollenprofil_Aufgaben","/sites/BenutzerLifecycle/Lists/BL_Rollenprofil_Aufgaben","Inhaltstyp","ContentType","Computed","False","False","False",,,"",""
"BL_Rollenprofil_Aufgaben","/sites/BenutzerLifecycle/Lists/BL_Rollenprofil_Aufgaben","Erstellt","Created","DateTime","False","False","False",,,"",""
"BL_Rollenprofil_Aufgaben","/sites/BenutzerLifecycle/Lists/BL_Rollenprofil_Aufgaben","Typ","DocIcon","Computed","False","False","False",,,"",""
"BL_Rollenprofil_Aufgaben","/sites/BenutzerLifecycle/Lists/BL_Rollenprofil_Aufgaben","Bearbeiten","Edit","Computed","False","False","False",,,"",""
"BL_Rollenprofil_Aufgaben","/sites/BenutzerLifecycle/Lists/BL_Rollenprofil_Aufgaben","Geändert von","Editor","User","False","False","False",,"","",""
"BL_Rollenprofil_Aufgaben","/sites/BenutzerLifecycle/Lists/BL_Rollenprofil_Aufgaben","Untergeordnete Ordneranzahl","FolderChildCount","Lookup","False","False","False",,"FolderChildCount","",""
"BL_Rollenprofil_Aufgaben","/sites/BenutzerLifecycle/Lists/BL_Rollenprofil_Aufgaben","ID","ID","Counter","False","False","False",,,"",""
"BL_Rollenprofil_Aufgaben","/sites/BenutzerLifecycle/Lists/BL_Rollenprofil_Aufgaben","Untergeordnete Elementanzahl","ItemChildCount","Lookup","False","False","False",,"ItemChildCount","",""
"BL_Rollenprofil_Aufgaben","/sites/BenutzerLifecycle/Lists/BL_Rollenprofil_Aufgaben","Titel","LinkTitle","Computed","False","False","False",,,"",""
"BL_Rollenprofil_Aufgaben","/sites/BenutzerLifecycle/Lists/BL_Rollenprofil_Aufgaben","Titel","LinkTitleNoMenu","Computed","False","False","False",,,"",""
"BL_Rollenprofil_Aufgaben","/sites/BenutzerLifecycle/Lists/BL_Rollenprofil_Aufgaben","Geändert","Modified","DateTime","False","False","False",,,"",""
"BL_Rollenprofil_Aufgaben","/sites/BenutzerLifecycle/Lists/BL_Rollenprofil_Aufgaben","Titel","Title","Text","False","False","False",,,"",""
"BL_Rollenprofile","/sites/BenutzerLifecycle/Lists/BL_Rollenprofile","Farbkennzeichnung","_ColorTag","Text","False","False","False",,,"",""
"BL_Rollenprofile","/sites/BenutzerLifecycle/Lists/BL_Rollenprofile","Bezeichnungseinstellung","_ComplianceFlags","Lookup","False","False","False",,"ComplianceFlags","",""
"BL_Rollenprofile","/sites/BenutzerLifecycle/Lists/BL_Rollenprofile","Aufbewahrungsbezeichnung","_ComplianceTag","Lookup","False","False","False",,"ComplianceTag","",""
"BL_Rollenprofile","/sites/BenutzerLifecycle/Lists/BL_Rollenprofile","Bezeichnung angewendet von","_ComplianceTagUserId","Lookup","False","False","False",,"ComplianceTagUserId","",""
"BL_Rollenprofile","/sites/BenutzerLifecycle/Lists/BL_Rollenprofile","Aufbewahrungsbezeichnung angewendet.","_ComplianceTagWrittenTime","Lookup","False","False","False",,"ComplianceTagWrittenTime","",""
"BL_Rollenprofile","/sites/BenutzerLifecycle/Lists/BL_Rollenprofile","Element ist eine Aufzeichnung","_IsRecord","Computed","False","False","False",,,"",""
"BL_Rollenprofile","/sites/BenutzerLifecycle/Lists/BL_Rollenprofile","Version","_UIVersionString","Text","False","False","False",,,"",""
"BL_Rollenprofile","/sites/BenutzerLifecycle/Lists/BL_Rollenprofile","App erstellt von","AppAuthor","Lookup","False","False","False","AppPrincipals","Title","",""
"BL_Rollenprofile","/sites/BenutzerLifecycle/Lists/BL_Rollenprofile","App geändert von","AppEditor","Lookup","False","False","False","AppPrincipals","Title","",""
"BL_Rollenprofile","/sites/BenutzerLifecycle/Lists/BL_Rollenprofile","Anlagen","Attachments","Attachments","False","False","False",,,"",""
"BL_Rollenprofile","/sites/BenutzerLifecycle/Lists/BL_Rollenprofile","Erstellt von","Author","User","False","False","False",,"","",""
"BL_Rollenprofile","/sites/BenutzerLifecycle/Lists/BL_Rollenprofile","BL_Rollenprofile","BL_Rollenprofile","Text","False","False","False",,,"",""
"BL_Rollenprofile","/sites/BenutzerLifecycle/Lists/BL_Rollenprofile","Complianceobjekt-ID","ComplianceAssetId","Text","False","False","False",,,"",""
"BL_Rollenprofile","/sites/BenutzerLifecycle/Lists/BL_Rollenprofile","Inhaltstyp","ContentType","Computed","False","False","False",,,"",""
"BL_Rollenprofile","/sites/BenutzerLifecycle/Lists/BL_Rollenprofile","Erstellt","Created","DateTime","False","False","False",,,"",""
"BL_Rollenprofile","/sites/BenutzerLifecycle/Lists/BL_Rollenprofile","Typ","DocIcon","Computed","False","False","False",,,"",""
"BL_Rollenprofile","/sites/BenutzerLifecycle/Lists/BL_Rollenprofile","Bearbeiten","Edit","Computed","False","False","False",,,"",""
"BL_Rollenprofile","/sites/BenutzerLifecycle/Lists/BL_Rollenprofile","Geändert von","Editor","User","False","False","False",,"","",""
"BL_Rollenprofile","/sites/BenutzerLifecycle/Lists/BL_Rollenprofile","Untergeordnete Ordneranzahl","FolderChildCount","Lookup","False","False","False",,"FolderChildCount","",""
"BL_Rollenprofile","/sites/BenutzerLifecycle/Lists/BL_Rollenprofile","ID","ID","Counter","False","False","False",,,"",""
"BL_Rollenprofile","/sites/BenutzerLifecycle/Lists/BL_Rollenprofile","Untergeordnete Elementanzahl","ItemChildCount","Lookup","False","False","False",,"ItemChildCount","",""
"BL_Rollenprofile","/sites/BenutzerLifecycle/Lists/BL_Rollenprofile","Titel","LinkTitle","Computed","False","False","False",,,"",""
"BL_Rollenprofile","/sites/BenutzerLifecycle/Lists/BL_Rollenprofile","Titel","LinkTitleNoMenu","Computed","False","False","False",,,"",""
"BL_Rollenprofile","/sites/BenutzerLifecycle/Lists/BL_Rollenprofile","Geändert","Modified","DateTime","False","False","False",,,"",""
"BL_Rollenprofile","/sites/BenutzerLifecycle/Lists/BL_Rollenprofile","Titel","Title","Text","False","False","False",,,"",""
"BL_TaskAreaOwners","/sites/BenutzerLifecycle/Lists/BL_TaskAreaOwners","Farbkennzeichnung","_ColorTag","Text","False","False","False",,,"",""
"BL_TaskAreaOwners","/sites/BenutzerLifecycle/Lists/BL_TaskAreaOwners","Bezeichnungseinstellung","_ComplianceFlags","Lookup","False","False","False",,"ComplianceFlags","",""
"BL_TaskAreaOwners","/sites/BenutzerLifecycle/Lists/BL_TaskAreaOwners","Aufbewahrungsbezeichnung","_ComplianceTag","Lookup","False","False","False",,"ComplianceTag","",""
"BL_TaskAreaOwners","/sites/BenutzerLifecycle/Lists/BL_TaskAreaOwners","Bezeichnung angewendet von","_ComplianceTagUserId","Lookup","False","False","False",,"ComplianceTagUserId","",""
"BL_TaskAreaOwners","/sites/BenutzerLifecycle/Lists/BL_TaskAreaOwners","Aufbewahrungsbezeichnung angewendet.","_ComplianceTagWrittenTime","Lookup","False","False","False",,"ComplianceTagWrittenTime","",""
"BL_TaskAreaOwners","/sites/BenutzerLifecycle/Lists/BL_TaskAreaOwners","Element ist eine Aufzeichnung","_IsRecord","Computed","False","False","False",,,"",""
"BL_TaskAreaOwners","/sites/BenutzerLifecycle/Lists/BL_TaskAreaOwners","Version","_UIVersionString","Text","False","False","False",,,"",""
"BL_TaskAreaOwners","/sites/BenutzerLifecycle/Lists/BL_TaskAreaOwners","App erstellt von","AppAuthor","Lookup","False","False","False","AppPrincipals","Title","",""
"BL_TaskAreaOwners","/sites/BenutzerLifecycle/Lists/BL_TaskAreaOwners","App geändert von","AppEditor","Lookup","False","False","False","AppPrincipals","Title","",""
"BL_TaskAreaOwners","/sites/BenutzerLifecycle/Lists/BL_TaskAreaOwners","Anlagen","Attachments","Attachments","False","False","False",,,"",""
"BL_TaskAreaOwners","/sites/BenutzerLifecycle/Lists/BL_TaskAreaOwners","Erstellt von","Author","User","False","False","False",,"","",""
"BL_TaskAreaOwners","/sites/BenutzerLifecycle/Lists/BL_TaskAreaOwners","BL_AreaGroup","BL_AreaGroup","User","False","False","False",,"ImnName","",""
"BL_TaskAreaOwners","/sites/BenutzerLifecycle/Lists/BL_TaskAreaOwners","BL_Description","BL_Description","Note","False","False","False",,,"",""
"BL_TaskAreaOwners","/sites/BenutzerLifecycle/Lists/BL_TaskAreaOwners","BL_IsActive","BL_IsActive","Boolean","False","False","False",,,"",""
"BL_TaskAreaOwners","/sites/BenutzerLifecycle/Lists/BL_TaskAreaOwners","BL_TaskAreaLookup","BL_TaskAreaLookup","Lookup","False","False","False","BL_TaskAreaOwners","Title","",""
"BL_TaskAreaOwners","/sites/BenutzerLifecycle/Lists/BL_TaskAreaOwners","Complianceobjekt-ID","ComplianceAssetId","Text","False","False","False",,,"",""
"BL_TaskAreaOwners","/sites/BenutzerLifecycle/Lists/BL_TaskAreaOwners","Inhaltstyp","ContentType","Computed","False","False","False",,,"",""
"BL_TaskAreaOwners","/sites/BenutzerLifecycle/Lists/BL_TaskAreaOwners","Erstellt","Created","DateTime","False","False","False",,,"",""
"BL_TaskAreaOwners","/sites/BenutzerLifecycle/Lists/BL_TaskAreaOwners","Typ","DocIcon","Computed","False","False","False",,,"",""
"BL_TaskAreaOwners","/sites/BenutzerLifecycle/Lists/BL_TaskAreaOwners","Bearbeiten","Edit","Computed","False","False","False",,,"",""
"BL_TaskAreaOwners","/sites/BenutzerLifecycle/Lists/BL_TaskAreaOwners","Geändert von","Editor","User","False","False","False",,"","",""
"BL_TaskAreaOwners","/sites/BenutzerLifecycle/Lists/BL_TaskAreaOwners","Untergeordnete Ordneranzahl","FolderChildCount","Lookup","False","False","False",,"FolderChildCount","",""
"BL_TaskAreaOwners","/sites/BenutzerLifecycle/Lists/BL_TaskAreaOwners","ID","ID","Counter","False","False","False",,,"",""
"BL_TaskAreaOwners","/sites/BenutzerLifecycle/Lists/BL_TaskAreaOwners","Untergeordnete Elementanzahl","ItemChildCount","Lookup","False","False","False",,"ItemChildCount","",""
"BL_TaskAreaOwners","/sites/BenutzerLifecycle/Lists/BL_TaskAreaOwners","BL_TaskArea","LinkTitle","Computed","False","False","False",,,"",""
"BL_TaskAreaOwners","/sites/BenutzerLifecycle/Lists/BL_TaskAreaOwners","Titel","LinkTitleNoMenu","Computed","False","False","False",,,"",""
"BL_TaskAreaOwners","/sites/BenutzerLifecycle/Lists/BL_TaskAreaOwners","Geändert","Modified","DateTime","False","False","False",,,"",""
"BL_TaskAreaOwners","/sites/BenutzerLifecycle/Lists/BL_TaskAreaOwners","Titel","Title","Text","False","False","False",,,"",""
"BL_Vorgaenge","/sites/BenutzerLifecycle/Lists/BL_Vorgaenge","Farbkennzeichnung","_ColorTag","Text","False","False","False",,,"",""
"BL_Vorgaenge","/sites/BenutzerLifecycle/Lists/BL_Vorgaenge","Bezeichnungseinstellung","_ComplianceFlags","Lookup","False","False","False",,"ComplianceFlags","",""
"BL_Vorgaenge","/sites/BenutzerLifecycle/Lists/BL_Vorgaenge","Aufbewahrungsbezeichnung","_ComplianceTag","Lookup","False","False","False",,"ComplianceTag","",""
"BL_Vorgaenge","/sites/BenutzerLifecycle/Lists/BL_Vorgaenge","Bezeichnung angewendet von","_ComplianceTagUserId","Lookup","False","False","False",,"ComplianceTagUserId","",""
"BL_Vorgaenge","/sites/BenutzerLifecycle/Lists/BL_Vorgaenge","Aufbewahrungsbezeichnung angewendet.","_ComplianceTagWrittenTime","Lookup","False","False","False",,"ComplianceTagWrittenTime","",""
"BL_Vorgaenge","/sites/BenutzerLifecycle/Lists/BL_Vorgaenge","Erstellt über","_FormSourceId_0","Text","False","True","False",,,"",""
"BL_Vorgaenge","/sites/BenutzerLifecycle/Lists/BL_Vorgaenge","Element ist eine Aufzeichnung","_IsRecord","Computed","False","False","False",,,"",""
"BL_Vorgaenge","/sites/BenutzerLifecycle/Lists/BL_Vorgaenge","Version","_UIVersionString","Text","False","False","False",,,"",""
"BL_Vorgaenge","/sites/BenutzerLifecycle/Lists/BL_Vorgaenge","App erstellt von","AppAuthor","Lookup","False","False","False","AppPrincipals","Title","",""
"BL_Vorgaenge","/sites/BenutzerLifecycle/Lists/BL_Vorgaenge","App geändert von","AppEditor","Lookup","False","False","False","AppPrincipals","Title","",""
"BL_Vorgaenge","/sites/BenutzerLifecycle/Lists/BL_Vorgaenge","Anlagen","Attachments","Attachments","False","False","False",,,"",""
"BL_Vorgaenge","/sites/BenutzerLifecycle/Lists/BL_Vorgaenge","Erstellt von","Author","User","False","False","False",,"","",""
"BL_Vorgaenge","/sites/BenutzerLifecycle/Lists/BL_Vorgaenge","BL_Case","BL_Case","Text","False","False","False",,,"",""
"BL_Vorgaenge","/sites/BenutzerLifecycle/Lists/BL_Vorgaenge","BL_CompletedAt","BL_CompletedAt","DateTime","False","False","False",,,"",""
"BL_Vorgaenge","/sites/BenutzerLifecycle/Lists/BL_Vorgaenge","BL_Department","BL_Department","Choice","False","False","False",,,"Produktion | Lager | Vertrieb | Qualität | Personal | Buchhaltung | Werkstatt | Technik | Bismark Verwaltung | Bismark Produktion | Hayna Verwaltung | Hayna Produktion",""
"BL_Vorgaenge","/sites/BenutzerLifecycle/Lists/BL_Vorgaenge","BL_DueBase","BL_DueBase","DateTime","True","False","False",,,"",""
"BL_Vorgaenge","/sites/BenutzerLifecycle/Lists/BL_Vorgaenge","BL_FirstName","BL_FirstName","Text","True","False","False",,,"",""
"BL_Vorgaenge","/sites/BenutzerLifecycle/Lists/BL_Vorgaenge","BL_LastName","BL_LastName","Text","True","False","False",,,"",""
"BL_Vorgaenge","/sites/BenutzerLifecycle/Lists/BL_Vorgaenge","BL_Manager","BL_Manager","User","False","False","False",,"","",""
"BL_Vorgaenge","/sites/BenutzerLifecycle/Lists/BL_Vorgaenge","BL_Notes","BL_Notes","Note","False","False","False",,,"",""
"BL_Vorgaenge","/sites/BenutzerLifecycle/Lists/BL_Vorgaenge","BL_PersonNumber","BL_PersonNumber","Number","False","False","False",,,"","Personalnummer"
"BL_Vorgaenge","/sites/BenutzerLifecycle/Lists/BL_Vorgaenge","BL_ProcessType","BL_ProcessType","Choice","True","False","False",,,"Eintritt | Änderung | Austritt",""
"BL_Vorgaenge","/sites/BenutzerLifecycle/Lists/BL_Vorgaenge","BL_RoleProfile","BL_RoleProfile","Lookup","True","False","False","BL_Rollenprofile","BL_Rollenprofile","",""
"BL_Vorgaenge","/sites/BenutzerLifecycle/Lists/BL_Vorgaenge","BL_Status","BL_Status","Choice","False","False","False",,,"In Umsetzung | Warten | Abgeschlossen | Fehler | Neu",""
"BL_Vorgaenge","/sites/BenutzerLifecycle/Lists/BL_Vorgaenge","BL_TaskGenerationError","BL_TaskGenerationError","Note","False","False","False",,,"",""
"BL_Vorgaenge","/sites/BenutzerLifecycle/Lists/BL_Vorgaenge","BL_TasksGenerated","BL_TasksGenerated","Boolean","False","False","False",,,"",""
"BL_Vorgaenge","/sites/BenutzerLifecycle/Lists/BL_Vorgaenge","BL_TaskSource","BL_TaskSource","Choice","False","False","False",,,"Statisch | Rollenprofil | Manuell",""
"BL_Vorgaenge","/sites/BenutzerLifecycle/Lists/BL_Vorgaenge","Complianceobjekt-ID","ComplianceAssetId","Text","False","False","False",,,"",""
"BL_Vorgaenge","/sites/BenutzerLifecycle/Lists/BL_Vorgaenge","Inhaltstyp","ContentType","Computed","False","False","False",,,"",""
"BL_Vorgaenge","/sites/BenutzerLifecycle/Lists/BL_Vorgaenge","Erstellt","Created","DateTime","False","False","False",,,"",""
"BL_Vorgaenge","/sites/BenutzerLifecycle/Lists/BL_Vorgaenge","Typ","DocIcon","Computed","False","False","False",,,"",""
"BL_Vorgaenge","/sites/BenutzerLifecycle/Lists/BL_Vorgaenge","Bearbeiten","Edit","Computed","False","False","False",,,"",""
"BL_Vorgaenge","/sites/BenutzerLifecycle/Lists/BL_Vorgaenge","Geändert von","Editor","User","False","False","False",,"","",""
"BL_Vorgaenge","/sites/BenutzerLifecycle/Lists/BL_Vorgaenge","Untergeordnete Ordneranzahl","FolderChildCount","Lookup","False","False","False",,"FolderChildCount","",""
"BL_Vorgaenge","/sites/BenutzerLifecycle/Lists/BL_Vorgaenge","ID","ID","Counter","False","False","False",,,"",""
"BL_Vorgaenge","/sites/BenutzerLifecycle/Lists/BL_Vorgaenge","Untergeordnete Elementanzahl","ItemChildCount","Lookup","False","False","False",,"ItemChildCount","",""
"BL_Vorgaenge","/sites/BenutzerLifecycle/Lists/BL_Vorgaenge","BL_ID","LinkTitle","Computed","False","False","False",,,"",""
"BL_Vorgaenge","/sites/BenutzerLifecycle/Lists/BL_Vorgaenge","Titel","LinkTitleNoMenu","Computed","False","False","False",,,"",""
"BL_Vorgaenge","/sites/BenutzerLifecycle/Lists/BL_Vorgaenge","Geändert","Modified","DateTime","False","False","False",,,"",""
"BL_Vorgaenge","/sites/BenutzerLifecycle/Lists/BL_Vorgaenge","Titel","Title","Text","False","False","False",,,"",""
"BL_Vorgaenge","/sites/BenutzerLifecycle/Lists/BL_Vorgaenge","Vorgang","Vorgang","Text","False","False","False",,,"",""
"BLC_EmployeeIdentityChanges","/sites/BenutzerLifecycle/Lists/BLC_EmployeeIdentityChanges","Farbkennzeichnung","_ColorTag","Text","False","False","False",,,"",""
"BLC_EmployeeIdentityChanges","/sites/BenutzerLifecycle/Lists/BLC_EmployeeIdentityChanges","Bezeichnungseinstellung","_ComplianceFlags","Lookup","False","False","False",,"ComplianceFlags","",""
"BLC_EmployeeIdentityChanges","/sites/BenutzerLifecycle/Lists/BLC_EmployeeIdentityChanges","Aufbewahrungsbezeichnung","_ComplianceTag","Lookup","False","False","False",,"ComplianceTag","",""
"BLC_EmployeeIdentityChanges","/sites/BenutzerLifecycle/Lists/BLC_EmployeeIdentityChanges","Bezeichnung angewendet von","_ComplianceTagUserId","Lookup","False","False","False",,"ComplianceTagUserId","",""
"BLC_EmployeeIdentityChanges","/sites/BenutzerLifecycle/Lists/BLC_EmployeeIdentityChanges","Aufbewahrungsbezeichnung angewendet.","_ComplianceTagWrittenTime","Lookup","False","False","False",,"ComplianceTagWrittenTime","",""
"BLC_EmployeeIdentityChanges","/sites/BenutzerLifecycle/Lists/BLC_EmployeeIdentityChanges","Element ist eine Aufzeichnung","_IsRecord","Computed","False","False","False",,,"",""
"BLC_EmployeeIdentityChanges","/sites/BenutzerLifecycle/Lists/BLC_EmployeeIdentityChanges","Version","_UIVersionString","Text","False","False","False",,,"",""
"BLC_EmployeeIdentityChanges","/sites/BenutzerLifecycle/Lists/BLC_EmployeeIdentityChanges","App erstellt von","AppAuthor","Lookup","False","False","False","AppPrincipals","Title","",""
"BLC_EmployeeIdentityChanges","/sites/BenutzerLifecycle/Lists/BLC_EmployeeIdentityChanges","App geändert von","AppEditor","Lookup","False","False","False","AppPrincipals","Title","",""
"BLC_EmployeeIdentityChanges","/sites/BenutzerLifecycle/Lists/BLC_EmployeeIdentityChanges","Applied By Flow","AppliedByFlow","Boolean","False","False","False",,,"",""
"BLC_EmployeeIdentityChanges","/sites/BenutzerLifecycle/Lists/BLC_EmployeeIdentityChanges","Applied Date","AppliedDate","DateTime","False","False","False",,,"",""
"BLC_EmployeeIdentityChanges","/sites/BenutzerLifecycle/Lists/BLC_EmployeeIdentityChanges","Anlagen","Attachments","Attachments","False","False","False",,,"",""
"BLC_EmployeeIdentityChanges","/sites/BenutzerLifecycle/Lists/BLC_EmployeeIdentityChanges","Erstellt von","Author","User","False","False","False",,"","",""
"BLC_EmployeeIdentityChanges","/sites/BenutzerLifecycle/Lists/BLC_EmployeeIdentityChanges","Change Reason","ChangeReason","Choice","False","False","False",,,"Marriage | Divorce | Correction | RoleChange | DepartmentChange | Other",""
"BLC_EmployeeIdentityChanges","/sites/BenutzerLifecycle/Lists/BLC_EmployeeIdentityChanges","Comment","Comment","Note","False","False","False",,,"",""
"BLC_EmployeeIdentityChanges","/sites/BenutzerLifecycle/Lists/BLC_EmployeeIdentityChanges","Complianceobjekt-ID","ComplianceAssetId","Text","False","False","False",,,"",""
"BLC_EmployeeIdentityChanges","/sites/BenutzerLifecycle/Lists/BLC_EmployeeIdentityChanges","Inhaltstyp","ContentType","Computed","False","False","False",,,"",""
"BLC_EmployeeIdentityChanges","/sites/BenutzerLifecycle/Lists/BLC_EmployeeIdentityChanges","Erstellt","Created","DateTime","False","False","False",,,"",""
"BLC_EmployeeIdentityChanges","/sites/BenutzerLifecycle/Lists/BLC_EmployeeIdentityChanges","Typ","DocIcon","Computed","False","False","False",,,"",""
"BLC_EmployeeIdentityChanges","/sites/BenutzerLifecycle/Lists/BLC_EmployeeIdentityChanges","Bearbeiten","Edit","Computed","False","False","False",,,"",""
"BLC_EmployeeIdentityChanges","/sites/BenutzerLifecycle/Lists/BLC_EmployeeIdentityChanges","Geändert von","Editor","User","False","False","False",,"","",""
"BLC_EmployeeIdentityChanges","/sites/BenutzerLifecycle/Lists/BLC_EmployeeIdentityChanges","Effective Date","EffectiveDate","DateTime","False","False","False",,,"",""
"BLC_EmployeeIdentityChanges","/sites/BenutzerLifecycle/Lists/BLC_EmployeeIdentityChanges","Employee","Employee","Lookup","True","False","False","BLC_Employees","Title","",""
"BLC_EmployeeIdentityChanges","/sites/BenutzerLifecycle/Lists/BLC_EmployeeIdentityChanges","Untergeordnete Ordneranzahl","FolderChildCount","Lookup","False","False","False",,"FolderChildCount","",""
"BLC_EmployeeIdentityChanges","/sites/BenutzerLifecycle/Lists/BLC_EmployeeIdentityChanges","ID","ID","Counter","False","False","False",,,"",""
"BLC_EmployeeIdentityChanges","/sites/BenutzerLifecycle/Lists/BLC_EmployeeIdentityChanges","Untergeordnete Elementanzahl","ItemChildCount","Lookup","False","False","False",,"ItemChildCount","",""
"BLC_EmployeeIdentityChanges","/sites/BenutzerLifecycle/Lists/BLC_EmployeeIdentityChanges","Lifecycle ID","LifecycleID","Text","False","False","False",,,"",""
"BLC_EmployeeIdentityChanges","/sites/BenutzerLifecycle/Lists/BLC_EmployeeIdentityChanges","Lifecycle Request","LifecycleRequest","Lookup","False","False","False","BLC_LifecycleRequests","Title","",""
"BLC_EmployeeIdentityChanges","/sites/BenutzerLifecycle/Lists/BLC_EmployeeIdentityChanges","Titel","LinkTitle","Computed","False","False","False",,,"",""
"BLC_EmployeeIdentityChanges","/sites/BenutzerLifecycle/Lists/BLC_EmployeeIdentityChanges","Titel","LinkTitleNoMenu","Computed","False","False","False",,,"",""
"BLC_EmployeeIdentityChanges","/sites/BenutzerLifecycle/Lists/BLC_EmployeeIdentityChanges","Geändert","Modified","DateTime","False","False","False",,,"",""
"BLC_EmployeeIdentityChanges","/sites/BenutzerLifecycle/Lists/BLC_EmployeeIdentityChanges","New Display Name","NewDisplayName","Text","False","False","False",,,"",""
"BLC_EmployeeIdentityChanges","/sites/BenutzerLifecycle/Lists/BLC_EmployeeIdentityChanges","New Email","NewEmail","Text","False","False","False",,,"",""
"BLC_EmployeeIdentityChanges","/sites/BenutzerLifecycle/Lists/BLC_EmployeeIdentityChanges","New First Name","NewFirstName","Text","False","False","False",,,"",""
"BLC_EmployeeIdentityChanges","/sites/BenutzerLifecycle/Lists/BLC_EmployeeIdentityChanges","New Last Name","NewLastName","Text","False","False","False",,,"",""
"BLC_EmployeeIdentityChanges","/sites/BenutzerLifecycle/Lists/BLC_EmployeeIdentityChanges","New Phone Number","NewPhoneNumber","Text","False","False","False",,,"",""
"BLC_EmployeeIdentityChanges","/sites/BenutzerLifecycle/Lists/BLC_EmployeeIdentityChanges","New UPN","NewUPN","Text","False","False","False",,,"",""
"BLC_EmployeeIdentityChanges","/sites/BenutzerLifecycle/Lists/BLC_EmployeeIdentityChanges","Old Display Name","OldDisplayName","Text","False","False","False",,,"",""
"BLC_EmployeeIdentityChanges","/sites/BenutzerLifecycle/Lists/BLC_EmployeeIdentityChanges","Old Email","OldEmail","Text","False","False","False",,,"",""
"BLC_EmployeeIdentityChanges","/sites/BenutzerLifecycle/Lists/BLC_EmployeeIdentityChanges","Old First Name","OldFirstName","Text","False","False","False",,,"",""
"BLC_EmployeeIdentityChanges","/sites/BenutzerLifecycle/Lists/BLC_EmployeeIdentityChanges","Old Last Name","OldLastName","Text","False","False","False",,,"",""
"BLC_EmployeeIdentityChanges","/sites/BenutzerLifecycle/Lists/BLC_EmployeeIdentityChanges","Old Phone Number","OldPhoneNumber","Text","False","False","False",,,"",""
"BLC_EmployeeIdentityChanges","/sites/BenutzerLifecycle/Lists/BLC_EmployeeIdentityChanges","Old UPN","OldUPN","Text","False","False","False",,,"",""
"BLC_EmployeeIdentityChanges","/sites/BenutzerLifecycle/Lists/BLC_EmployeeIdentityChanges","Titel","Title","Text","True","False","False",,,"",""
"BLC_EmployeeRoles","/sites/BenutzerLifecycle/Lists/BLC_EmployeeRoles","Farbkennzeichnung","_ColorTag","Text","False","False","False",,,"",""
"BLC_EmployeeRoles","/sites/BenutzerLifecycle/Lists/BLC_EmployeeRoles","Bezeichnungseinstellung","_ComplianceFlags","Lookup","False","False","False",,"ComplianceFlags","",""
"BLC_EmployeeRoles","/sites/BenutzerLifecycle/Lists/BLC_EmployeeRoles","Aufbewahrungsbezeichnung","_ComplianceTag","Lookup","False","False","False",,"ComplianceTag","",""
"BLC_EmployeeRoles","/sites/BenutzerLifecycle/Lists/BLC_EmployeeRoles","Bezeichnung angewendet von","_ComplianceTagUserId","Lookup","False","False","False",,"ComplianceTagUserId","",""
"BLC_EmployeeRoles","/sites/BenutzerLifecycle/Lists/BLC_EmployeeRoles","Aufbewahrungsbezeichnung angewendet.","_ComplianceTagWrittenTime","Lookup","False","False","False",,"ComplianceTagWrittenTime","",""
"BLC_EmployeeRoles","/sites/BenutzerLifecycle/Lists/BLC_EmployeeRoles","Element ist eine Aufzeichnung","_IsRecord","Computed","False","False","False",,,"",""
"BLC_EmployeeRoles","/sites/BenutzerLifecycle/Lists/BLC_EmployeeRoles","Version","_UIVersionString","Text","False","False","False",,,"",""
"BLC_EmployeeRoles","/sites/BenutzerLifecycle/Lists/BLC_EmployeeRoles","Active","Active","Boolean","False","False","False",,,"",""
"BLC_EmployeeRoles","/sites/BenutzerLifecycle/Lists/BLC_EmployeeRoles","App erstellt von","AppAuthor","Lookup","False","False","False","AppPrincipals","Title","",""
"BLC_EmployeeRoles","/sites/BenutzerLifecycle/Lists/BLC_EmployeeRoles","App geändert von","AppEditor","Lookup","False","False","False","AppPrincipals","Title","",""
"BLC_EmployeeRoles","/sites/BenutzerLifecycle/Lists/BLC_EmployeeRoles","Assignment Reason","AssignmentReason","Choice","False","False","False",,,"Onboarding | Mover | Correction | Temporary | Manual | Offboarding | Other",""
"BLC_EmployeeRoles","/sites/BenutzerLifecycle/Lists/BLC_EmployeeRoles","Anlagen","Attachments","Attachments","False","False","False",,,"",""
"BLC_EmployeeRoles","/sites/BenutzerLifecycle/Lists/BLC_EmployeeRoles","Erstellt von","Author","User","False","False","False",,"","",""
"BLC_EmployeeRoles","/sites/BenutzerLifecycle/Lists/BLC_EmployeeRoles","Comment","Comment","Note","False","False","False",,,"",""
"BLC_EmployeeRoles","/sites/BenutzerLifecycle/Lists/BLC_EmployeeRoles","Complianceobjekt-ID","ComplianceAssetId","Text","False","False","False",,,"",""
"BLC_EmployeeRoles","/sites/BenutzerLifecycle/Lists/BLC_EmployeeRoles","Inhaltstyp","ContentType","Computed","False","False","False",,,"",""
"BLC_EmployeeRoles","/sites/BenutzerLifecycle/Lists/BLC_EmployeeRoles","Erstellt","Created","DateTime","False","False","False",,,"",""
"BLC_EmployeeRoles","/sites/BenutzerLifecycle/Lists/BLC_EmployeeRoles","Created By Flow","CreatedByFlow","Boolean","False","False","False",,,"",""
"BLC_EmployeeRoles","/sites/BenutzerLifecycle/Lists/BLC_EmployeeRoles","Typ","DocIcon","Computed","False","False","False",,,"",""
"BLC_EmployeeRoles","/sites/BenutzerLifecycle/Lists/BLC_EmployeeRoles","Bearbeiten","Edit","Computed","False","False","False",,,"",""
"BLC_EmployeeRoles","/sites/BenutzerLifecycle/Lists/BLC_EmployeeRoles","Geändert von","Editor","User","False","False","False",,"","",""
"BLC_EmployeeRoles","/sites/BenutzerLifecycle/Lists/BLC_EmployeeRoles","Employee","Employee","Lookup","True","False","False","BLC_Employees","Title","",""
"BLC_EmployeeRoles","/sites/BenutzerLifecycle/Lists/BLC_EmployeeRoles","Employee Role ID","EmployeeRoleID","Text","False","False","False",,,"",""
"BLC_EmployeeRoles","/sites/BenutzerLifecycle/Lists/BLC_EmployeeRoles","Untergeordnete Ordneranzahl","FolderChildCount","Lookup","False","False","False",,"FolderChildCount","",""
"BLC_EmployeeRoles","/sites/BenutzerLifecycle/Lists/BLC_EmployeeRoles","ID","ID","Counter","False","False","False",,,"",""
"BLC_EmployeeRoles","/sites/BenutzerLifecycle/Lists/BLC_EmployeeRoles","Is Primary Role","IsPrimaryRole","Boolean","False","False","False",,,"",""
"BLC_EmployeeRoles","/sites/BenutzerLifecycle/Lists/BLC_EmployeeRoles","Untergeordnete Elementanzahl","ItemChildCount","Lookup","False","False","False",,"ItemChildCount","",""
"BLC_EmployeeRoles","/sites/BenutzerLifecycle/Lists/BLC_EmployeeRoles","Lifecycle ID","LifecycleID","Text","False","False","False",,,"",""
"BLC_EmployeeRoles","/sites/BenutzerLifecycle/Lists/BLC_EmployeeRoles","Lifecycle Request","LifecycleRequest","Lookup","False","False","False","BLC_LifecycleRequests","Title","",""
"BLC_EmployeeRoles","/sites/BenutzerLifecycle/Lists/BLC_EmployeeRoles","Titel","LinkTitle","Computed","False","False","False",,,"",""
"BLC_EmployeeRoles","/sites/BenutzerLifecycle/Lists/BLC_EmployeeRoles","Titel","LinkTitleNoMenu","Computed","False","False","False",,,"",""
"BLC_EmployeeRoles","/sites/BenutzerLifecycle/Lists/BLC_EmployeeRoles","Geändert","Modified","DateTime","False","False","False",,,"",""
"BLC_EmployeeRoles","/sites/BenutzerLifecycle/Lists/BLC_EmployeeRoles","Previous Employee Role","PreviousEmployeeRole","Lookup","False","False","False","BLC_EmployeeRoles","Title","",""
"BLC_EmployeeRoles","/sites/BenutzerLifecycle/Lists/BLC_EmployeeRoles","Role Profile","RoleProfile","Lookup","True","False","False","BLC_RoleProfiles","Title","",""
"BLC_EmployeeRoles","/sites/BenutzerLifecycle/Lists/BLC_EmployeeRoles","Titel","Title","Text","True","False","False",,,"",""
"BLC_EmployeeRoles","/sites/BenutzerLifecycle/Lists/BLC_EmployeeRoles","Valid From","ValidFrom","DateTime","False","False","False",,,"",""
"BLC_EmployeeRoles","/sites/BenutzerLifecycle/Lists/BLC_EmployeeRoles","Valid To","ValidTo","DateTime","False","False","False",,,"",""
"BLC_Employees","/sites/BenutzerLifecycle/Lists/BLC_Employees","Farbkennzeichnung","_ColorTag","Text","False","False","False",,,"",""
"BLC_Employees","/sites/BenutzerLifecycle/Lists/BLC_Employees","Bezeichnungseinstellung","_ComplianceFlags","Lookup","False","False","False",,"ComplianceFlags","",""
"BLC_Employees","/sites/BenutzerLifecycle/Lists/BLC_Employees","Aufbewahrungsbezeichnung","_ComplianceTag","Lookup","False","False","False",,"ComplianceTag","",""
"BLC_Employees","/sites/BenutzerLifecycle/Lists/BLC_Employees","Bezeichnung angewendet von","_ComplianceTagUserId","Lookup","False","False","False",,"ComplianceTagUserId","",""
"BLC_Employees","/sites/BenutzerLifecycle/Lists/BLC_Employees","Aufbewahrungsbezeichnung angewendet.","_ComplianceTagWrittenTime","Lookup","False","False","False",,"ComplianceTagWrittenTime","",""
"BLC_Employees","/sites/BenutzerLifecycle/Lists/BLC_Employees","Erstellt über","_FormSourceId_0","Text","False","True","False",,,"",""
"BLC_Employees","/sites/BenutzerLifecycle/Lists/BLC_Employees","Element ist eine Aufzeichnung","_IsRecord","Computed","False","False","False",,,"",""
"BLC_Employees","/sites/BenutzerLifecycle/Lists/BLC_Employees","Version","_UIVersionString","Text","False","False","False",,,"",""
"BLC_Employees","/sites/BenutzerLifecycle/Lists/BLC_Employees","Account Status","AccountStatus","Choice","False","False","False",,,"Planned | Active | Disabled | Blocked | Leaving | Left | Archived",""
"BLC_Employees","/sites/BenutzerLifecycle/Lists/BLC_Employees","Active","Active","Boolean","False","False","False",,,"",""
"BLC_Employees","/sites/BenutzerLifecycle/Lists/BLC_Employees","App erstellt von","AppAuthor","Lookup","False","False","False","AppPrincipals","Title","",""
"BLC_Employees","/sites/BenutzerLifecycle/Lists/BLC_Employees","App geändert von","AppEditor","Lookup","False","False","False","AppPrincipals","Title","",""
"BLC_Employees","/sites/BenutzerLifecycle/Lists/BLC_Employees","Anlagen","Attachments","Attachments","False","False","False",,,"",""
"BLC_Employees","/sites/BenutzerLifecycle/Lists/BLC_Employees","Erstellt von","Author","User","False","False","False",,"","",""
"BLC_Employees","/sites/BenutzerLifecycle/Lists/BLC_Employees","Complianceobjekt-ID","ComplianceAssetId","Text","False","False","False",,,"",""
"BLC_Employees","/sites/BenutzerLifecycle/Lists/BLC_Employees","Inhaltstyp","ContentType","Computed","False","False","False",,,"",""
"BLC_Employees","/sites/BenutzerLifecycle/Lists/BLC_Employees","Erstellt","Created","DateTime","False","False","False",,,"",""
"BLC_Employees","/sites/BenutzerLifecycle/Lists/BLC_Employees","Department","Department","Text","False","False","False",,,"",""
"BLC_Employees","/sites/BenutzerLifecycle/Lists/BLC_Employees","Display Name","DisplayName","Text","True","False","False",,,"",""
"BLC_Employees","/sites/BenutzerLifecycle/Lists/BLC_Employees","Typ","DocIcon","Computed","False","False","False",,,"",""
"BLC_Employees","/sites/BenutzerLifecycle/Lists/BLC_Employees","Bearbeiten","Edit","Computed","False","False","False",,,"",""
"BLC_Employees","/sites/BenutzerLifecycle/Lists/BLC_Employees","Geändert von","Editor","User","False","False","False",,"","",""
"BLC_Employees","/sites/BenutzerLifecycle/Lists/BLC_Employees","Email","Email","Text","False","False","False",,,"",""
"BLC_Employees","/sites/BenutzerLifecycle/Lists/BLC_Employees","Employee ID","EmployeeID","Text","False","False","False",,,"",""
"BLC_Employees","/sites/BenutzerLifecycle/Lists/BLC_Employees","Employee Lifecycle ID","EmployeeLifecycleID","Text","False","False","False",,,"",""
"BLC_Employees","/sites/BenutzerLifecycle/Lists/BLC_Employees","Employment Type","EmploymentType","Choice","False","False","False",,,"Employee | Worker | Apprentice | External | Temporary | ServiceAccount | Other",""
"BLC_Employees","/sites/BenutzerLifecycle/Lists/BLC_Employees","End Date","EndDate","DateTime","False","False","False",,,"",""
"BLC_Employees","/sites/BenutzerLifecycle/Lists/BLC_Employees","First Name","FirstName","Text","False","False","False",,,"",""
"BLC_Employees","/sites/BenutzerLifecycle/Lists/BLC_Employees","Untergeordnete Ordneranzahl","FolderChildCount","Lookup","False","False","False",,"FolderChildCount","",""
"BLC_Employees","/sites/BenutzerLifecycle/Lists/BLC_Employees","Former Display Name","FormerDisplayName","Text","False","False","False",,,"",""
"BLC_Employees","/sites/BenutzerLifecycle/Lists/BLC_Employees","ID","ID","Counter","False","False","False",,,"",""
"BLC_Employees","/sites/BenutzerLifecycle/Lists/BLC_Employees","Untergeordnete Elementanzahl","ItemChildCount","Lookup","False","False","False",,"ItemChildCount","",""
"BLC_Employees","/sites/BenutzerLifecycle/Lists/BLC_Employees","Last Access Review","LastAccessReview","DateTime","False","False","False",,,"",""
"BLC_Employees","/sites/BenutzerLifecycle/Lists/BLC_Employees","Last Identity Change","LastIdentityChange","DateTime","False","False","False",,,"",""
"BLC_Employees","/sites/BenutzerLifecycle/Lists/BLC_Employees","Last Name","LastName","Text","False","False","False",,,"",""
"BLC_Employees","/sites/BenutzerLifecycle/Lists/BLC_Employees","Last Role Change","LastRoleChange","DateTime","False","False","False",,,"",""
"BLC_Employees","/sites/BenutzerLifecycle/Lists/BLC_Employees","LifecycleID","LifecycleID","Text","False","False","False",,,"",""
"BLC_Employees","/sites/BenutzerLifecycle/Lists/BLC_Employees","Titel","LinkTitle","Computed","False","False","False",,,"",""
"BLC_Employees","/sites/BenutzerLifecycle/Lists/BLC_Employees","Titel","LinkTitleNoMenu","Computed","False","False","False",,,"",""
"BLC_Employees","/sites/BenutzerLifecycle/Lists/BLC_Employees","Location","Location","Text","False","False","False",,,"",""
"BLC_Employees","/sites/BenutzerLifecycle/Lists/BLC_Employees","Manager","Manager","User","False","False","False",,"","",""
"BLC_Employees","/sites/BenutzerLifecycle/Lists/BLC_Employees","Mobile Device","MobileDevice","Text","False","False","False",,,"",""
"BLC_Employees","/sites/BenutzerLifecycle/Lists/BLC_Employees","Geändert","Modified","DateTime","False","False","False",,,"",""
"BLC_Employees","/sites/BenutzerLifecycle/Lists/BLC_Employees","Next Access Review","NextAccessReview","DateTime","False","False","False",,,"",""
"BLC_Employees","/sites/BenutzerLifecycle/Lists/BLC_Employees","Notes","Notes","Note","False","False","False",,,"",""
"BLC_Employees","/sites/BenutzerLifecycle/Lists/BLC_Employees","Phone Number","PhoneNumber","Text","False","False","False",,,"",""
"BLC_Employees","/sites/BenutzerLifecycle/Lists/BLC_Employees","Primary Device","PrimaryDevice","Text","False","False","False",,,"",""
"BLC_Employees","/sites/BenutzerLifecycle/Lists/BLC_Employees","Role Profile","RoleProfile","Lookup","False","False","False","BLC_RoleProfiles","Title","",""
"BLC_Employees","/sites/BenutzerLifecycle/Lists/BLC_Employees","Source Lifecycle Request","SourceLifecycleRequest","Lookup","False","False","False","BLC_LifecycleRequests","Title","",""
"BLC_Employees","/sites/BenutzerLifecycle/Lists/BLC_Employees","Start Date","StartDate","DateTime","False","False","False",,,"",""
"BLC_Employees","/sites/BenutzerLifecycle/Lists/BLC_Employees","Titel","Title","Text","True","False","False",,,"",""
"BLC_Employees","/sites/BenutzerLifecycle/Lists/BLC_Employees","UPN","UPN","Text","False","False","False",,,"",""
"BLC_Entitlements","/sites/BenutzerLifecycle/Lists/BLC_Entitlements","Farbkennzeichnung","_ColorTag","Text","False","False","False",,,"",""
"BLC_Entitlements","/sites/BenutzerLifecycle/Lists/BLC_Entitlements","Bezeichnungseinstellung","_ComplianceFlags","Lookup","False","False","False",,"ComplianceFlags","",""
"BLC_Entitlements","/sites/BenutzerLifecycle/Lists/BLC_Entitlements","Aufbewahrungsbezeichnung","_ComplianceTag","Lookup","False","False","False",,"ComplianceTag","",""
"BLC_Entitlements","/sites/BenutzerLifecycle/Lists/BLC_Entitlements","Bezeichnung angewendet von","_ComplianceTagUserId","Lookup","False","False","False",,"ComplianceTagUserId","",""
"BLC_Entitlements","/sites/BenutzerLifecycle/Lists/BLC_Entitlements","Aufbewahrungsbezeichnung angewendet.","_ComplianceTagWrittenTime","Lookup","False","False","False",,"ComplianceTagWrittenTime","",""
"BLC_Entitlements","/sites/BenutzerLifecycle/Lists/BLC_Entitlements","Element ist eine Aufzeichnung","_IsRecord","Computed","False","False","False",,,"",""
"BLC_Entitlements","/sites/BenutzerLifecycle/Lists/BLC_Entitlements","Version","_UIVersionString","Text","False","False","False",,,"",""
"BLC_Entitlements","/sites/BenutzerLifecycle/Lists/BLC_Entitlements","Active","Active","Boolean","False","False","False",,,"",""
"BLC_Entitlements","/sites/BenutzerLifecycle/Lists/BLC_Entitlements","App erstellt von","AppAuthor","Lookup","False","False","False","AppPrincipals","Title","",""
"BLC_Entitlements","/sites/BenutzerLifecycle/Lists/BLC_Entitlements","App geändert von","AppEditor","Lookup","False","False","False","AppPrincipals","Title","",""
"BLC_Entitlements","/sites/BenutzerLifecycle/Lists/BLC_Entitlements","Assignment Mode Joiner","AssignmentMode_Joiner","Choice","False","False","False",,,"OwnerGroupOnly | FixedPerson | EmployeeManager | RequestCreator | HRResponsible | ITDefaultQueue",""
"BLC_Entitlements","/sites/BenutzerLifecycle/Lists/BLC_Entitlements","Assignment Mode Leaver","AssignmentMode_Leaver","Choice","False","False","False",,,"OwnerGroupOnly | FixedPerson | EmployeeManager | RequestCreator | HRResponsible | ITDefaultQueue",""
"BLC_Entitlements","/sites/BenutzerLifecycle/Lists/BLC_Entitlements","Assignment Mode Mover","AssignmentMode_Mover","Choice","False","False","False",,,"OwnerGroupOnly | FixedPerson | EmployeeManager | RequestCreator | HRResponsible | ITDefaultQueue",""
"BLC_Entitlements","/sites/BenutzerLifecycle/Lists/BLC_Entitlements","Anlagen","Attachments","Attachments","False","False","False",,,"",""
"BLC_Entitlements","/sites/BenutzerLifecycle/Lists/BLC_Entitlements","Erstellt von","Author","User","False","False","False",,"","",""
"BLC_Entitlements","/sites/BenutzerLifecycle/Lists/BLC_Entitlements","Complianceobjekt-ID","ComplianceAssetId","Text","False","False","False",,,"",""
"BLC_Entitlements","/sites/BenutzerLifecycle/Lists/BLC_Entitlements","Inhaltstyp","ContentType","Computed","False","False","False",,,"",""
"BLC_Entitlements","/sites/BenutzerLifecycle/Lists/BLC_Entitlements","Erstellt","Created","DateTime","False","False","False",,,"",""
"BLC_Entitlements","/sites/BenutzerLifecycle/Lists/BLC_Entitlements","Description","Description","Note","False","False","False",,,"",""
"BLC_Entitlements","/sites/BenutzerLifecycle/Lists/BLC_Entitlements","Typ","DocIcon","Computed","False","False","False",,,"",""
"BLC_Entitlements","/sites/BenutzerLifecycle/Lists/BLC_Entitlements","Due Offset Days Joiner","DueOffsetDays_Joiner","Number","False","False","False",,,"",""
"BLC_Entitlements","/sites/BenutzerLifecycle/Lists/BLC_Entitlements","Due Offset Days Leaver","DueOffsetDays_Leaver","Number","False","False","False",,,"",""
"BLC_Entitlements","/sites/BenutzerLifecycle/Lists/BLC_Entitlements","Due Offset Days Mover","DueOffsetDays_Mover","Number","False","False","False",,,"",""
"BLC_Entitlements","/sites/BenutzerLifecycle/Lists/BLC_Entitlements","Bearbeiten","Edit","Computed","False","False","False",,,"",""
"BLC_Entitlements","/sites/BenutzerLifecycle/Lists/BLC_Entitlements","Geändert von","Editor","User","False","False","False",,"","",""
"BLC_Entitlements","/sites/BenutzerLifecycle/Lists/BLC_Entitlements","Entitlement Category","EntitlementCategory","Choice","False","False","False",,,"M365 | Identity | Security | Network | Hardware | Workplace | Telefonie | HR | Application | Compliance | Other",""
"BLC_Entitlements","/sites/BenutzerLifecycle/Lists/BLC_Entitlements","Entitlement ID","EntitlementID","Text","False","False","False",,,"",""
"BLC_Entitlements","/sites/BenutzerLifecycle/Lists/BLC_Entitlements","Entitlement Type","EntitlementType","Choice","False","False","False",,,"License | Access | Hardware | Workplace | Application | HR | Compliance | Facility | Other",""
"BLC_Entitlements","/sites/BenutzerLifecycle/Lists/BLC_Entitlements","Evidence Description Joiner","EvidenceDescription_Joiner","Note","False","False","False",,,"",""
"BLC_Entitlements","/sites/BenutzerLifecycle/Lists/BLC_Entitlements","Evidence Description Leaver","EvidenceDescription_Leaver","Note","False","False","False",,,"",""
"BLC_Entitlements","/sites/BenutzerLifecycle/Lists/BLC_Entitlements","Evidence Description Mover","EvidenceDescription_Mover","Note","False","False","False",,,"",""
"BLC_Entitlements","/sites/BenutzerLifecycle/Lists/BLC_Entitlements","Untergeordnete Ordneranzahl","FolderChildCount","Lookup","False","False","False",,"FolderChildCount","",""
"BLC_Entitlements","/sites/BenutzerLifecycle/Lists/BLC_Entitlements","ID","ID","Counter","False","False","False",,,"",""
"BLC_Entitlements","/sites/BenutzerLifecycle/Lists/BLC_Entitlements","Untergeordnete Elementanzahl","ItemChildCount","Lookup","False","False","False",,"ItemChildCount","",""
"BLC_Entitlements","/sites/BenutzerLifecycle/Lists/BLC_Entitlements","Joiner Required","JoinerRequired","Boolean","False","False","False",,,"",""
"BLC_Entitlements","/sites/BenutzerLifecycle/Lists/BLC_Entitlements","Leaver Relevant","LeaverRelevant","Boolean","False","False","False",,,"",""
"BLC_Entitlements","/sites/BenutzerLifecycle/Lists/BLC_Entitlements","Titel","LinkTitle","Computed","False","False","False",,,"",""
"BLC_Entitlements","/sites/BenutzerLifecycle/Lists/BLC_Entitlements","Titel","LinkTitleNoMenu","Computed","False","False","False",,,"",""
"BLC_Entitlements","/sites/BenutzerLifecycle/Lists/BLC_Entitlements","Geändert","Modified","DateTime","False","False","False",,,"",""
"BLC_Entitlements","/sites/BenutzerLifecycle/Lists/BLC_Entitlements","Mover Relevant","MoverRelevant","Boolean","False","False","False",,,"",""
"BLC_Entitlements","/sites/BenutzerLifecycle/Lists/BLC_Entitlements","Requires Evidence Joiner","RequiresEvidence_Joiner","Boolean","False","False","False",,,"",""
"BLC_Entitlements","/sites/BenutzerLifecycle/Lists/BLC_Entitlements","Requires Evidence Leaver","RequiresEvidence_Leaver","Boolean","False","False","False",,,"",""
"BLC_Entitlements","/sites/BenutzerLifecycle/Lists/BLC_Entitlements","Requires Evidence Mover","RequiresEvidence_Mover","Boolean","False","False","False",,,"",""
"BLC_Entitlements","/sites/BenutzerLifecycle/Lists/BLC_Entitlements","Sort Order","SortOrder","Number","False","False","False",,,"",""
"BLC_Entitlements","/sites/BenutzerLifecycle/Lists/BLC_Entitlements","System Reference","SystemReference","Text","False","False","False",,,"",""
"BLC_Entitlements","/sites/BenutzerLifecycle/Lists/BLC_Entitlements","Task Description Joiner","TaskDescription_Joiner","Note","False","False","False",,,"",""
"BLC_Entitlements","/sites/BenutzerLifecycle/Lists/BLC_Entitlements","Task Description Leaver","TaskDescription_Leaver","Note","False","False","False",,,"",""
"BLC_Entitlements","/sites/BenutzerLifecycle/Lists/BLC_Entitlements","Task Description Mover","TaskDescription_Mover","Note","False","False","False",,,"",""
"BLC_Entitlements","/sites/BenutzerLifecycle/Lists/BLC_Entitlements","Task Owner Joiner","TaskOwnerGroup_Joiner","Choice","False","False","False",,,"IT | HR | Fachabteilung | Compliance | Datenschutz | Facility | Einkauf | Vorgesetzter",""
"BLC_Entitlements","/sites/BenutzerLifecycle/Lists/BLC_Entitlements","Task Owner Leaver","TaskOwnerGroup_Leaver","Choice","False","False","False",,,"IT | HR | Fachabteilung | Compliance | Datenschutz | Facility | Einkauf | Vorgesetzter",""
"BLC_Entitlements","/sites/BenutzerLifecycle/Lists/BLC_Entitlements","Task Owner Mover","TaskOwnerGroup_Mover","Choice","False","False","False",,,"IT | HR | Fachabteilung | Compliance | Datenschutz | Facility | Einkauf | Vorgesetzter",""
"BLC_Entitlements","/sites/BenutzerLifecycle/Lists/BLC_Entitlements","Task Title Joiner","TaskTitle_Joiner","Text","False","False","False",,,"",""
"BLC_Entitlements","/sites/BenutzerLifecycle/Lists/BLC_Entitlements","Task Title Leaver","TaskTitle_Leaver","Text","False","False","False",,,"",""
"BLC_Entitlements","/sites/BenutzerLifecycle/Lists/BLC_Entitlements","Task Title Mover","TaskTitle_Mover","Text","False","False","False",,,"",""
"BLC_Entitlements","/sites/BenutzerLifecycle/Lists/BLC_Entitlements","Titel","Title","Text","True","False","False",,,"",""
"BLC_LifecycleRequests","/sites/BenutzerLifecycle/Lists/BLC_LifecycleRequests","Farbkennzeichnung","_ColorTag","Text","False","False","False",,,"",""
"BLC_LifecycleRequests","/sites/BenutzerLifecycle/Lists/BLC_LifecycleRequests","Bezeichnungseinstellung","_ComplianceFlags","Lookup","False","False","False",,"ComplianceFlags","",""
"BLC_LifecycleRequests","/sites/BenutzerLifecycle/Lists/BLC_LifecycleRequests","Aufbewahrungsbezeichnung","_ComplianceTag","Lookup","False","False","False",,"ComplianceTag","",""
"BLC_LifecycleRequests","/sites/BenutzerLifecycle/Lists/BLC_LifecycleRequests","Bezeichnung angewendet von","_ComplianceTagUserId","Lookup","False","False","False",,"ComplianceTagUserId","",""
"BLC_LifecycleRequests","/sites/BenutzerLifecycle/Lists/BLC_LifecycleRequests","Aufbewahrungsbezeichnung angewendet.","_ComplianceTagWrittenTime","Lookup","False","False","False",,"ComplianceTagWrittenTime","",""
"BLC_LifecycleRequests","/sites/BenutzerLifecycle/Lists/BLC_LifecycleRequests","Erstellt über","_FormSourceId_0","Text","False","True","False",,,"",""
"BLC_LifecycleRequests","/sites/BenutzerLifecycle/Lists/BLC_LifecycleRequests","Element ist eine Aufzeichnung","_IsRecord","Computed","False","False","False",,,"",""
"BLC_LifecycleRequests","/sites/BenutzerLifecycle/Lists/BLC_LifecycleRequests","Version","_UIVersionString","Text","False","False","False",,,"",""
"BLC_LifecycleRequests","/sites/BenutzerLifecycle/Lists/BLC_LifecycleRequests","App erstellt von","AppAuthor","Lookup","False","False","False","AppPrincipals","Title","",""
"BLC_LifecycleRequests","/sites/BenutzerLifecycle/Lists/BLC_LifecycleRequests","App geändert von","AppEditor","Lookup","False","False","False","AppPrincipals","Title","",""
"BLC_LifecycleRequests","/sites/BenutzerLifecycle/Lists/BLC_LifecycleRequests","Approval Status","ApprovalStatus","Choice","False","False","False",,,"NotRequired | Pending | Approved | Rejected | Delegated | Expired",""
"BLC_LifecycleRequests","/sites/BenutzerLifecycle/Lists/BLC_LifecycleRequests","Anlagen","Attachments","Attachments","False","False","False",,,"",""
"BLC_LifecycleRequests","/sites/BenutzerLifecycle/Lists/BLC_LifecycleRequests","Erstellt von","Author","User","False","False","False",,"","",""
"BLC_LifecycleRequests","/sites/BenutzerLifecycle/Lists/BLC_LifecycleRequests","Comments","Comments","Note","False","False","False",,,"",""
"BLC_LifecycleRequests","/sites/BenutzerLifecycle/Lists/BLC_LifecycleRequests","Completed Date","CompletedDate","DateTime","False","False","False",,,"",""
"BLC_LifecycleRequests","/sites/BenutzerLifecycle/Lists/BLC_LifecycleRequests","Complianceobjekt-ID","ComplianceAssetId","Text","False","False","False",,,"",""
"BLC_LifecycleRequests","/sites/BenutzerLifecycle/Lists/BLC_LifecycleRequests","Inhaltstyp","ContentType","Computed","False","False","False",,,"",""
"BLC_LifecycleRequests","/sites/BenutzerLifecycle/Lists/BLC_LifecycleRequests","Erstellt","Created","DateTime","False","False","False",,,"",""
"BLC_LifecycleRequests","/sites/BenutzerLifecycle/Lists/BLC_LifecycleRequests","Department","Department","Text","False","False","False",,,"",""
"BLC_LifecycleRequests","/sites/BenutzerLifecycle/Lists/BLC_LifecycleRequests","Typ","DocIcon","Computed","False","False","False",,,"",""
"BLC_LifecycleRequests","/sites/BenutzerLifecycle/Lists/BLC_LifecycleRequests","Bearbeiten","Edit","Computed","False","False","False",,,"",""
"BLC_LifecycleRequests","/sites/BenutzerLifecycle/Lists/BLC_LifecycleRequests","Geändert von","Editor","User","False","False","False",,"","",""
"BLC_LifecycleRequests","/sites/BenutzerLifecycle/Lists/BLC_LifecycleRequests","Effective Date","EffectiveDate","DateTime","False","False","False",,,"",""
"BLC_LifecycleRequests","/sites/BenutzerLifecycle/Lists/BLC_LifecycleRequests","Employee Created","EmployeeCreated","Boolean","False","False","False",,,"",""
"BLC_LifecycleRequests","/sites/BenutzerLifecycle/Lists/BLC_LifecycleRequests","Employee ID","EmployeeID","Text","False","False","False",,,"",""
"BLC_LifecycleRequests","/sites/BenutzerLifecycle/Lists/BLC_LifecycleRequests","End Date","EndDate","DateTime","False","False","False",,,"",""
"BLC_LifecycleRequests","/sites/BenutzerLifecycle/Lists/BLC_LifecycleRequests","FirstName","FirstName","Text","False","False","False",,,"",""
"BLC_LifecycleRequests","/sites/BenutzerLifecycle/Lists/BLC_LifecycleRequests","Flow Run URL","FlowRunUrl","URL","False","False","False",,,"",""
"BLC_LifecycleRequests","/sites/BenutzerLifecycle/Lists/BLC_LifecycleRequests","Untergeordnete Ordneranzahl","FolderChildCount","Lookup","False","False","False",,"FolderChildCount","",""
"BLC_LifecycleRequests","/sites/BenutzerLifecycle/Lists/BLC_LifecycleRequests","HR Responsible","HRResponsible","User","False","False","False",,"","",""
"BLC_LifecycleRequests","/sites/BenutzerLifecycle/Lists/BLC_LifecycleRequests","ID","ID","Counter","False","False","False",,,"",""
"BLC_LifecycleRequests","/sites/BenutzerLifecycle/Lists/BLC_LifecycleRequests","Identity Change Reason","IdentityChangeReason","Choice","False","False","False",,,"Marriage | Divorce | Correction | RoleChange | DepartmentChange | Other",""
"BLC_LifecycleRequests","/sites/BenutzerLifecycle/Lists/BLC_LifecycleRequests","Identity Change Required","IdentityChangeRequired","Boolean","False","False","False",,,"",""
"BLC_LifecycleRequests","/sites/BenutzerLifecycle/Lists/BLC_LifecycleRequests","Untergeordnete Elementanzahl","ItemChildCount","Lookup","False","False","False",,"ItemChildCount","",""
"BLC_LifecycleRequests","/sites/BenutzerLifecycle/Lists/BLC_LifecycleRequests","LastName","LastName","Text","False","False","False",,,"",""
"BLC_LifecycleRequests","/sites/BenutzerLifecycle/Lists/BLC_LifecycleRequests","Last Review","LastReview","DateTime","False","False","False",,,"",""
"BLC_LifecycleRequests","/sites/BenutzerLifecycle/Lists/BLC_LifecycleRequests","Lifecycle ID","LifecycleID","Text","False","False","False",,,"",""
"BLC_LifecycleRequests","/sites/BenutzerLifecycle/Lists/BLC_LifecycleRequests","Lifecycle Status","LifecycleStatus","Choice","False","False","False",,,"Draft | Submitted | InReview | Approved | Rejected | InProgress | WaitingForInput | Completed | Cancelled | Archived",""
"BLC_LifecycleRequests","/sites/BenutzerLifecycle/Lists/BLC_LifecycleRequests","Titel","LinkTitle","Computed","False","False","False",,,"",""
"BLC_LifecycleRequests","/sites/BenutzerLifecycle/Lists/BLC_LifecycleRequests","Titel","LinkTitleNoMenu","Computed","False","False","False",,,"",""
"BLC_LifecycleRequests","/sites/BenutzerLifecycle/Lists/BLC_LifecycleRequests","Location","Location","Text","False","False","False",,,"",""
"BLC_LifecycleRequests","/sites/BenutzerLifecycle/Lists/BLC_LifecycleRequests","Manager","Manager","User","False","False","False",,"","",""
"BLC_LifecycleRequests","/sites/BenutzerLifecycle/Lists/BLC_LifecycleRequests","Geändert","Modified","DateTime","False","False","False",,,"",""
"BLC_LifecycleRequests","/sites/BenutzerLifecycle/Lists/BLC_LifecycleRequests","Next Review","NextReview","DateTime","False","False","False",,,"",""
"BLC_LifecycleRequests","/sites/BenutzerLifecycle/Lists/BLC_LifecycleRequests","Priority","Priority","Choice","False","False","False",,,"Low | Normal | High | Critical",""
"BLC_LifecycleRequests","/sites/BenutzerLifecycle/Lists/BLC_LifecycleRequests","Related Employee","RelatedEmployee","Lookup","False","False","False","BLC_Employees","Title","",""
"BLC_LifecycleRequests","/sites/BenutzerLifecycle/Lists/BLC_LifecycleRequests","Requested By","RequestedBy","User","False","False","False",,"","",""
"BLC_LifecycleRequests","/sites/BenutzerLifecycle/Lists/BLC_LifecycleRequests","Requested Display Name","RequestedDisplayName","Text","False","False","False",,,"",""
"BLC_LifecycleRequests","/sites/BenutzerLifecycle/Lists/BLC_LifecycleRequests","Requested Email","RequestedEmail","Text","False","False","False",,,"",""
"BLC_LifecycleRequests","/sites/BenutzerLifecycle/Lists/BLC_LifecycleRequests","Requested First Name","RequestedFirstName","Text","False","False","False",,,"",""
"BLC_LifecycleRequests","/sites/BenutzerLifecycle/Lists/BLC_LifecycleRequests","Requested Last Name","RequestedLastName","Text","False","False","False",,,"",""
"BLC_LifecycleRequests","/sites/BenutzerLifecycle/Lists/BLC_LifecycleRequests","Requested Phone Number","RequestedPhoneNumber","Text","False","False","False",,,"",""
"BLC_LifecycleRequests","/sites/BenutzerLifecycle/Lists/BLC_LifecycleRequests","Requested UPN","RequestedUPN","Text","False","False","False",,,"",""
"BLC_LifecycleRequests","/sites/BenutzerLifecycle/Lists/BLC_LifecycleRequests","Request Type","RequestType","Choice","True","False","False",,,"Onboarding | Mover | Offboarding | AccessRequest | LicenseChange | HardwareChange | RoleChange | Review | Other",""
"BLC_LifecycleRequests","/sites/BenutzerLifecycle/Lists/BLC_LifecycleRequests","Review Cycle Months","ReviewCycleMonths","Number","False","False","False",,,"",""
"BLC_LifecycleRequests","/sites/BenutzerLifecycle/Lists/BLC_LifecycleRequests","Role Change Required","RoleChangeRequired","Boolean","False","False","False",,,"",""
"BLC_LifecycleRequests","/sites/BenutzerLifecycle/Lists/BLC_LifecycleRequests","Role Profile","RoleProfile","Lookup","False","False","False","BLC_RoleProfiles","Title","",""
"BLC_LifecycleRequests","/sites/BenutzerLifecycle/Lists/BLC_LifecycleRequests","Start Date","StartDate","DateTime","False","False","False",,,"",""
"BLC_LifecycleRequests","/sites/BenutzerLifecycle/Lists/BLC_LifecycleRequests","Target Display Name","TargetDisplayName","Text","True","False","False",,,"",""
"BLC_LifecycleRequests","/sites/BenutzerLifecycle/Lists/BLC_LifecycleRequests","Target UPN","TargetUPN","Text","False","False","False",,,"",""
"BLC_LifecycleRequests","/sites/BenutzerLifecycle/Lists/BLC_LifecycleRequests","Tasks Created","TasksCreated","Boolean","False","False","False",,,"",""
"BLC_LifecycleRequests","/sites/BenutzerLifecycle/Lists/BLC_LifecycleRequests","Titel","Title","Text","True","False","False",,,"",""
"BLC_LifecycleTasks","/sites/BenutzerLifecycle/Lists/BLC_LifecycleTasks","Farbkennzeichnung","_ColorTag","Text","False","False","False",,,"",""
"BLC_LifecycleTasks","/sites/BenutzerLifecycle/Lists/BLC_LifecycleTasks","Bezeichnungseinstellung","_ComplianceFlags","Lookup","False","False","False",,"ComplianceFlags","",""
"BLC_LifecycleTasks","/sites/BenutzerLifecycle/Lists/BLC_LifecycleTasks","Aufbewahrungsbezeichnung","_ComplianceTag","Lookup","False","False","False",,"ComplianceTag","",""
"BLC_LifecycleTasks","/sites/BenutzerLifecycle/Lists/BLC_LifecycleTasks","Bezeichnung angewendet von","_ComplianceTagUserId","Lookup","False","False","False",,"ComplianceTagUserId","",""
"BLC_LifecycleTasks","/sites/BenutzerLifecycle/Lists/BLC_LifecycleTasks","Aufbewahrungsbezeichnung angewendet.","_ComplianceTagWrittenTime","Lookup","False","False","False",,"ComplianceTagWrittenTime","",""
"BLC_LifecycleTasks","/sites/BenutzerLifecycle/Lists/BLC_LifecycleTasks","Element ist eine Aufzeichnung","_IsRecord","Computed","False","False","False",,,"",""
"BLC_LifecycleTasks","/sites/BenutzerLifecycle/Lists/BLC_LifecycleTasks","Version","_UIVersionString","Text","False","False","False",,,"",""
"BLC_LifecycleTasks","/sites/BenutzerLifecycle/Lists/BLC_LifecycleTasks","App erstellt von","AppAuthor","Lookup","False","False","False","AppPrincipals","Title","",""
"BLC_LifecycleTasks","/sites/BenutzerLifecycle/Lists/BLC_LifecycleTasks","App geändert von","AppEditor","Lookup","False","False","False","AppPrincipals","Title","",""
"BLC_LifecycleTasks","/sites/BenutzerLifecycle/Lists/BLC_LifecycleTasks","Assigned To","AssignedTo","User","False","False","False",,"","",""
"BLC_LifecycleTasks","/sites/BenutzerLifecycle/Lists/BLC_LifecycleTasks","Anlagen","Attachments","Attachments","False","False","False",,,"",""
"BLC_LifecycleTasks","/sites/BenutzerLifecycle/Lists/BLC_LifecycleTasks","Erstellt von","Author","User","False","False","False",,"","",""
"BLC_LifecycleTasks","/sites/BenutzerLifecycle/Lists/BLC_LifecycleTasks","Automation Error","AutomationError","Note","False","False","False",,,"",""
"BLC_LifecycleTasks","/sites/BenutzerLifecycle/Lists/BLC_LifecycleTasks","Automation State","AutomationState","Choice","False","False","False",,,"Manual | Pending | Automated | Failed | Skipped",""
"BLC_LifecycleTasks","/sites/BenutzerLifecycle/Lists/BLC_LifecycleTasks","Comment","Comment","Note","False","False","False",,,"",""
"BLC_LifecycleTasks","/sites/BenutzerLifecycle/Lists/BLC_LifecycleTasks","Completed By","CompletedBy","User","False","False","False",,"","",""
"BLC_LifecycleTasks","/sites/BenutzerLifecycle/Lists/BLC_LifecycleTasks","Completed Date","CompletedDate","DateTime","False","False","False",,,"",""
"BLC_LifecycleTasks","/sites/BenutzerLifecycle/Lists/BLC_LifecycleTasks","Complianceobjekt-ID","ComplianceAssetId","Text","False","False","False",,,"",""
"BLC_LifecycleTasks","/sites/BenutzerLifecycle/Lists/BLC_LifecycleTasks","Inhaltstyp","ContentType","Computed","False","False","False",,,"",""
"BLC_LifecycleTasks","/sites/BenutzerLifecycle/Lists/BLC_LifecycleTasks","Erstellt","Created","DateTime","False","False","False",,,"",""
"BLC_LifecycleTasks","/sites/BenutzerLifecycle/Lists/BLC_LifecycleTasks","Typ","DocIcon","Computed","False","False","False",,,"",""
"BLC_LifecycleTasks","/sites/BenutzerLifecycle/Lists/BLC_LifecycleTasks","Due Date","DueDate","DateTime","False","False","False",,,"",""
"BLC_LifecycleTasks","/sites/BenutzerLifecycle/Lists/BLC_LifecycleTasks","Bearbeiten","Edit","Computed","False","False","False",,,"",""
"BLC_LifecycleTasks","/sites/BenutzerLifecycle/Lists/BLC_LifecycleTasks","Geändert von","Editor","User","False","False","False",,"","",""
"BLC_LifecycleTasks","/sites/BenutzerLifecycle/Lists/BLC_LifecycleTasks","Evidence Description","EvidenceDescription","Note","False","False","False",,,"",""
"BLC_LifecycleTasks","/sites/BenutzerLifecycle/Lists/BLC_LifecycleTasks","Evidence Link","EvidenceLink","URL","False","False","False",,,"",""
"BLC_LifecycleTasks","/sites/BenutzerLifecycle/Lists/BLC_LifecycleTasks","Untergeordnete Ordneranzahl","FolderChildCount","Lookup","False","False","False",,"FolderChildCount","",""
"BLC_LifecycleTasks","/sites/BenutzerLifecycle/Lists/BLC_LifecycleTasks","ID","ID","Counter","False","False","False",,,"",""
"BLC_LifecycleTasks","/sites/BenutzerLifecycle/Lists/BLC_LifecycleTasks","Untergeordnete Elementanzahl","ItemChildCount","Lookup","False","False","False",,"ItemChildCount","",""
"BLC_LifecycleTasks","/sites/BenutzerLifecycle/Lists/BLC_LifecycleTasks","LifecycleID","LifecycleID","Text","False","False","False",,,"",""
"BLC_LifecycleTasks","/sites/BenutzerLifecycle/Lists/BLC_LifecycleTasks","Titel","LinkTitle","Computed","False","False","False",,,"",""
"BLC_LifecycleTasks","/sites/BenutzerLifecycle/Lists/BLC_LifecycleTasks","Titel","LinkTitleNoMenu","Computed","False","False","False",,,"",""
"BLC_LifecycleTasks","/sites/BenutzerLifecycle/Lists/BLC_LifecycleTasks","Geändert","Modified","DateTime","False","False","False",,,"",""
"BLC_LifecycleTasks","/sites/BenutzerLifecycle/Lists/BLC_LifecycleTasks","Priority","Priority","Choice","False","False","False",,,"Low | Normal | High | Critical",""
"BLC_LifecycleTasks","/sites/BenutzerLifecycle/Lists/BLC_LifecycleTasks","Related Employee","RelatedEmployee","Lookup","False","False","False","BLC_Employees","Title","",""
"BLC_LifecycleTasks","/sites/BenutzerLifecycle/Lists/BLC_LifecycleTasks","Related Entitlement","RelatedEntitlement","Lookup","False","False","False","BLC_Entitlements","Title","",""
"BLC_LifecycleTasks","/sites/BenutzerLifecycle/Lists/BLC_LifecycleTasks","Related Lifecycle Request","RelatedLifecycleRequest","Lookup","True","False","False","BLC_LifecycleRequests","Title","",""
"BLC_LifecycleTasks","/sites/BenutzerLifecycle/Lists/BLC_LifecycleTasks","Requires Evidence","RequiresEvidence","Boolean","False","False","False",,,"",""
"BLC_LifecycleTasks","/sites/BenutzerLifecycle/Lists/BLC_LifecycleTasks","Task Category","TaskCategory","Choice","False","False","False",,,"IT | HR | Fachabteilung | Compliance | Datenschutz | Facility | Einkauf | Vorgesetzter | System | Other",""
"BLC_LifecycleTasks","/sites/BenutzerLifecycle/Lists/BLC_LifecycleTasks","Task Description","TaskDescription","Note","False","False","False",,,"",""
"BLC_LifecycleTasks","/sites/BenutzerLifecycle/Lists/BLC_LifecycleTasks","Task ID","TaskID","Text","False","False","False",,,"",""
"BLC_LifecycleTasks","/sites/BenutzerLifecycle/Lists/BLC_LifecycleTasks","Task Owner Group","TaskOwnerGroup","Choice","False","False","False",,,"IT | HR | Fachabteilung | Compliance | Datenschutz | Facility | Einkauf | Vorgesetzter",""
"BLC_LifecycleTasks","/sites/BenutzerLifecycle/Lists/BLC_LifecycleTasks","Task Status","TaskStatus","Choice","False","False","False",,,"Open | InProgress | Blocked | Completed | Skipped | Failed | Cancelled",""
"BLC_LifecycleTasks","/sites/BenutzerLifecycle/Lists/BLC_LifecycleTasks","Task Title","TaskTitle","Text","True","False","False",,,"",""
"BLC_LifecycleTasks","/sites/BenutzerLifecycle/Lists/BLC_LifecycleTasks","Titel","Title","Text","True","False","False",,,"",""
"BLC_RoleEntitlements","/sites/BenutzerLifecycle/Lists/BLC_RoleEntitlements","Farbkennzeichnung","_ColorTag","Text","False","False","False",,,"",""
"BLC_RoleEntitlements","/sites/BenutzerLifecycle/Lists/BLC_RoleEntitlements","Bezeichnungseinstellung","_ComplianceFlags","Lookup","False","False","False",,"ComplianceFlags","",""
"BLC_RoleEntitlements","/sites/BenutzerLifecycle/Lists/BLC_RoleEntitlements","Aufbewahrungsbezeichnung","_ComplianceTag","Lookup","False","False","False",,"ComplianceTag","",""
"BLC_RoleEntitlements","/sites/BenutzerLifecycle/Lists/BLC_RoleEntitlements","Bezeichnung angewendet von","_ComplianceTagUserId","Lookup","False","False","False",,"ComplianceTagUserId","",""
"BLC_RoleEntitlements","/sites/BenutzerLifecycle/Lists/BLC_RoleEntitlements","Aufbewahrungsbezeichnung angewendet.","_ComplianceTagWrittenTime","Lookup","False","False","False",,"ComplianceTagWrittenTime","",""
"BLC_RoleEntitlements","/sites/BenutzerLifecycle/Lists/BLC_RoleEntitlements","Element ist eine Aufzeichnung","_IsRecord","Computed","False","False","False",,,"",""
"BLC_RoleEntitlements","/sites/BenutzerLifecycle/Lists/BLC_RoleEntitlements","Version","_UIVersionString","Text","False","False","False",,,"",""
"BLC_RoleEntitlements","/sites/BenutzerLifecycle/Lists/BLC_RoleEntitlements","Active","Active","Boolean","False","False","False",,,"",""
"BLC_RoleEntitlements","/sites/BenutzerLifecycle/Lists/BLC_RoleEntitlements","App erstellt von","AppAuthor","Lookup","False","False","False","AppPrincipals","Title","",""
"BLC_RoleEntitlements","/sites/BenutzerLifecycle/Lists/BLC_RoleEntitlements","App geändert von","AppEditor","Lookup","False","False","False","AppPrincipals","Title","",""
"BLC_RoleEntitlements","/sites/BenutzerLifecycle/Lists/BLC_RoleEntitlements","Assigned To Override","AssignedToOverride","User","False","False","False",,"","",""
"BLC_RoleEntitlements","/sites/BenutzerLifecycle/Lists/BLC_RoleEntitlements","Anlagen","Attachments","Attachments","False","False","False",,,"",""
"BLC_RoleEntitlements","/sites/BenutzerLifecycle/Lists/BLC_RoleEntitlements","Erstellt von","Author","User","False","False","False",,"","",""
"BLC_RoleEntitlements","/sites/BenutzerLifecycle/Lists/BLC_RoleEntitlements","Can Be Deselected","CanBeDeselected","Boolean","False","False","False",,,"",""
"BLC_RoleEntitlements","/sites/BenutzerLifecycle/Lists/BLC_RoleEntitlements","Comment","Comment","Note","False","False","False",,,"",""
"BLC_RoleEntitlements","/sites/BenutzerLifecycle/Lists/BLC_RoleEntitlements","Complianceobjekt-ID","ComplianceAssetId","Text","False","False","False",,,"",""
"BLC_RoleEntitlements","/sites/BenutzerLifecycle/Lists/BLC_RoleEntitlements","Inhaltstyp","ContentType","Computed","False","False","False",,,"",""
"BLC_RoleEntitlements","/sites/BenutzerLifecycle/Lists/BLC_RoleEntitlements","Erstellt","Created","DateTime","False","False","False",,,"",""
"BLC_RoleEntitlements","/sites/BenutzerLifecycle/Lists/BLC_RoleEntitlements","Typ","DocIcon","Computed","False","False","False",,,"",""
"BLC_RoleEntitlements","/sites/BenutzerLifecycle/Lists/BLC_RoleEntitlements","Due Offset Days Override","DueOffsetDaysOverride","Number","False","False","False",,,"",""
"BLC_RoleEntitlements","/sites/BenutzerLifecycle/Lists/BLC_RoleEntitlements","Bearbeiten","Edit","Computed","False","False","False",,,"",""
"BLC_RoleEntitlements","/sites/BenutzerLifecycle/Lists/BLC_RoleEntitlements","Geändert von","Editor","User","False","False","False",,"","",""
"BLC_RoleEntitlements","/sites/BenutzerLifecycle/Lists/BLC_RoleEntitlements","Entitlement","Entitlement","Lookup","True","False","False","BLC_Entitlements","Title","",""
"BLC_RoleEntitlements","/sites/BenutzerLifecycle/Lists/BLC_RoleEntitlements","Untergeordnete Ordneranzahl","FolderChildCount","Lookup","False","False","False",,"FolderChildCount","",""
"BLC_RoleEntitlements","/sites/BenutzerLifecycle/Lists/BLC_RoleEntitlements","ID","ID","Counter","False","False","False",,,"",""
"BLC_RoleEntitlements","/sites/BenutzerLifecycle/Lists/BLC_RoleEntitlements","Mandatory","IsMandatory","Boolean","False","False","False",,,"",""
"BLC_RoleEntitlements","/sites/BenutzerLifecycle/Lists/BLC_RoleEntitlements","Untergeordnete Elementanzahl","ItemChildCount","Lookup","False","False","False",,"ItemChildCount","",""
"BLC_RoleEntitlements","/sites/BenutzerLifecycle/Lists/BLC_RoleEntitlements","Titel","LinkTitle","Computed","False","False","False",,,"",""
"BLC_RoleEntitlements","/sites/BenutzerLifecycle/Lists/BLC_RoleEntitlements","Titel","LinkTitleNoMenu","Computed","False","False","False",,,"",""
"BLC_RoleEntitlements","/sites/BenutzerLifecycle/Lists/BLC_RoleEntitlements","Geändert","Modified","DateTime","False","False","False",,,"",""
"BLC_RoleEntitlements","/sites/BenutzerLifecycle/Lists/BLC_RoleEntitlements","Required For Joiner","RequiredForJoiner","Boolean","False","False","False",,,"",""
"BLC_RoleEntitlements","/sites/BenutzerLifecycle/Lists/BLC_RoleEntitlements","Required For Leaver","RequiredForLeaver","Boolean","False","False","False",,,"",""
"BLC_RoleEntitlements","/sites/BenutzerLifecycle/Lists/BLC_RoleEntitlements","Required For Mover","RequiredForMover","Boolean","False","False","False",,,"",""
"BLC_RoleEntitlements","/sites/BenutzerLifecycle/Lists/BLC_RoleEntitlements","Requires Approval Override","RequiresApprovalOverride","Boolean","False","False","False",,,"",""
"BLC_RoleEntitlements","/sites/BenutzerLifecycle/Lists/BLC_RoleEntitlements","Role Profile","RoleProfile","Lookup","True","False","False","BLC_RoleProfiles","Title","",""
"BLC_RoleEntitlements","/sites/BenutzerLifecycle/Lists/BLC_RoleEntitlements","Task Description Override Joiner","TaskDescriptionOverride_Joiner","Note","False","False","False",,,"",""
"BLC_RoleEntitlements","/sites/BenutzerLifecycle/Lists/BLC_RoleEntitlements","Task Description Override Leaver","TaskDescriptionOverride_Leaver","Note","False","False","False",,,"",""
"BLC_RoleEntitlements","/sites/BenutzerLifecycle/Lists/BLC_RoleEntitlements","Task Description Override Mover","TaskDescriptionOverride_Mover","Note","False","False","False",,,"",""
"BLC_RoleEntitlements","/sites/BenutzerLifecycle/Lists/BLC_RoleEntitlements","Task Owner Group Override","TaskOwnerGroupOverride","Choice","False","False","False",,,"IT | HR | Fachabteilung | Compliance | Datenschutz | Facility | Einkauf | Vorgesetzter",""
"BLC_RoleEntitlements","/sites/BenutzerLifecycle/Lists/BLC_RoleEntitlements","Task Title Override Joiner","TaskTitleOverride_Joiner","Text","False","False","False",,,"",""
"BLC_RoleEntitlements","/sites/BenutzerLifecycle/Lists/BLC_RoleEntitlements","Task Title Override Leaver","TaskTitleOverride_Leaver","Text","False","False","False",,,"",""
"BLC_RoleEntitlements","/sites/BenutzerLifecycle/Lists/BLC_RoleEntitlements","Task Title Override Mover","TaskTitleOverride_Mover","Text","False","False","False",,,"",""
"BLC_RoleEntitlements","/sites/BenutzerLifecycle/Lists/BLC_RoleEntitlements","Titel","Title","Text","True","False","False",,,"",""
"BLC_RoleProfiles","/sites/BenutzerLifecycle/Lists/BLC_RoleProfiles","Farbkennzeichnung","_ColorTag","Text","False","False","False",,,"",""
"BLC_RoleProfiles","/sites/BenutzerLifecycle/Lists/BLC_RoleProfiles","Bezeichnungseinstellung","_ComplianceFlags","Lookup","False","False","False",,"ComplianceFlags","",""
"BLC_RoleProfiles","/sites/BenutzerLifecycle/Lists/BLC_RoleProfiles","Aufbewahrungsbezeichnung","_ComplianceTag","Lookup","False","False","False",,"ComplianceTag","",""
"BLC_RoleProfiles","/sites/BenutzerLifecycle/Lists/BLC_RoleProfiles","Bezeichnung angewendet von","_ComplianceTagUserId","Lookup","False","False","False",,"ComplianceTagUserId","",""
"BLC_RoleProfiles","/sites/BenutzerLifecycle/Lists/BLC_RoleProfiles","Aufbewahrungsbezeichnung angewendet.","_ComplianceTagWrittenTime","Lookup","False","False","False",,"ComplianceTagWrittenTime","",""
"BLC_RoleProfiles","/sites/BenutzerLifecycle/Lists/BLC_RoleProfiles","Element ist eine Aufzeichnung","_IsRecord","Computed","False","False","False",,,"",""
"BLC_RoleProfiles","/sites/BenutzerLifecycle/Lists/BLC_RoleProfiles","Version","_UIVersionString","Text","False","False","False",,,"",""
"BLC_RoleProfiles","/sites/BenutzerLifecycle/Lists/BLC_RoleProfiles","Active","Active","Boolean","False","False","False",,,"",""
"BLC_RoleProfiles","/sites/BenutzerLifecycle/Lists/BLC_RoleProfiles","App erstellt von","AppAuthor","Lookup","False","False","False","AppPrincipals","Title","",""
"BLC_RoleProfiles","/sites/BenutzerLifecycle/Lists/BLC_RoleProfiles","App geändert von","AppEditor","Lookup","False","False","False","AppPrincipals","Title","",""
"BLC_RoleProfiles","/sites/BenutzerLifecycle/Lists/BLC_RoleProfiles","Anlagen","Attachments","Attachments","False","False","False",,,"",""
"BLC_RoleProfiles","/sites/BenutzerLifecycle/Lists/BLC_RoleProfiles","Erstellt von","Author","User","False","False","False",,"","",""
"BLC_RoleProfiles","/sites/BenutzerLifecycle/Lists/BLC_RoleProfiles","Business Owner","BusinessOwner","User","False","False","False",,"","",""
"BLC_RoleProfiles","/sites/BenutzerLifecycle/Lists/BLC_RoleProfiles","Complianceobjekt-ID","ComplianceAssetId","Text","False","False","False",,,"",""
"BLC_RoleProfiles","/sites/BenutzerLifecycle/Lists/BLC_RoleProfiles","Inhaltstyp","ContentType","Computed","False","False","False",,,"",""
"BLC_RoleProfiles","/sites/BenutzerLifecycle/Lists/BLC_RoleProfiles","Erstellt","Created","DateTime","False","False","False",,,"",""
"BLC_RoleProfiles","/sites/BenutzerLifecycle/Lists/BLC_RoleProfiles","Department","Department","Text","False","False","False",,,"",""
"BLC_RoleProfiles","/sites/BenutzerLifecycle/Lists/BLC_RoleProfiles","Description","Description","Note","False","False","False",,,"",""
"BLC_RoleProfiles","/sites/BenutzerLifecycle/Lists/BLC_RoleProfiles","Typ","DocIcon","Computed","False","False","False",,,"",""
"BLC_RoleProfiles","/sites/BenutzerLifecycle/Lists/BLC_RoleProfiles","Bearbeiten","Edit","Computed","False","False","False",,,"",""
"BLC_RoleProfiles","/sites/BenutzerLifecycle/Lists/BLC_RoleProfiles","Geändert von","Editor","User","False","False","False",,"","",""
"BLC_RoleProfiles","/sites/BenutzerLifecycle/Lists/BLC_RoleProfiles","Employment Type","EmploymentType","Choice","False","False","False",,,"Employee | Worker | Apprentice | External | Temporary | ServiceAccount | Other",""
"BLC_RoleProfiles","/sites/BenutzerLifecycle/Lists/BLC_RoleProfiles","Untergeordnete Ordneranzahl","FolderChildCount","Lookup","False","False","False",,"FolderChildCount","",""
"BLC_RoleProfiles","/sites/BenutzerLifecycle/Lists/BLC_RoleProfiles","HR Responsible","HRResponsible","User","False","False","False",,"","",""
"BLC_RoleProfiles","/sites/BenutzerLifecycle/Lists/BLC_RoleProfiles","ID","ID","Counter","False","False","False",,,"",""
"BLC_RoleProfiles","/sites/BenutzerLifecycle/Lists/BLC_RoleProfiles","Untergeordnete Elementanzahl","ItemChildCount","Lookup","False","False","False",,"ItemChildCount","",""
"BLC_RoleProfiles","/sites/BenutzerLifecycle/Lists/BLC_RoleProfiles","IT Owner","ITOwner","User","False","False","False",,"","",""
"BLC_RoleProfiles","/sites/BenutzerLifecycle/Lists/BLC_RoleProfiles","Titel","LinkTitle","Computed","False","False","False",,,"",""
"BLC_RoleProfiles","/sites/BenutzerLifecycle/Lists/BLC_RoleProfiles","Titel","LinkTitleNoMenu","Computed","False","False","False",,,"",""
"BLC_RoleProfiles","/sites/BenutzerLifecycle/Lists/BLC_RoleProfiles","Location","Location","Text","False","False","False",,,"",""
"BLC_RoleProfiles","/sites/BenutzerLifecycle/Lists/BLC_RoleProfiles","Geändert","Modified","DateTime","False","False","False",,,"",""
"BLC_RoleProfiles","/sites/BenutzerLifecycle/Lists/BLC_RoleProfiles","Review Cycle Months","ReviewCycleMonths","Number","False","False","False",,,"",""
"BLC_RoleProfiles","/sites/BenutzerLifecycle/Lists/BLC_RoleProfiles","Risk Level","RiskLevel","Choice","False","False","False",,,"Low | Medium | High | Critical",""
"BLC_RoleProfiles","/sites/BenutzerLifecycle/Lists/BLC_RoleProfiles","Role Name","RoleName","Text","False","False","False",,,"",""
"BLC_RoleProfiles","/sites/BenutzerLifecycle/Lists/BLC_RoleProfiles","Role Profile ID","RoleProfileID","Text","False","False","False",,,"",""
"BLC_RoleProfiles","/sites/BenutzerLifecycle/Lists/BLC_RoleProfiles","Titel","Title","Text","True","False","False",,,"",""
"BLC_RoleProfiles","/sites/BenutzerLifecycle/Lists/BLC_RoleProfiles","Valid From","ValidFrom","DateTime","False","False","False",,,"",""
"BLC_RoleProfiles","/sites/BenutzerLifecycle/Lists/BLC_RoleProfiles","Valid To","ValidTo","DateTime","False","False","False",,,"",""
"Dokumente","/sites/BenutzerLifecycle/Freigegebene Dokumente","Kommentar zum Einchecken","_CheckinComment","Lookup","False","False","False",,"CheckinComment","",""
"Dokumente","/sites/BenutzerLifecycle/Freigegebene Dokumente","Farbkennzeichnung","_ColorTag","Text","False","False","False",,,"",""
"Dokumente","/sites/BenutzerLifecycle/Freigegebene Dokumente","Anzahl der Kommentare","_CommentCount","Lookup","False","False","False",,"CommentCount","",""
"Dokumente","/sites/BenutzerLifecycle/Freigegebene Dokumente","Bezeichnungseinstellung","_ComplianceFlags","Lookup","False","False","False",,"ComplianceFlags","",""
"Dokumente","/sites/BenutzerLifecycle/Freigegebene Dokumente","Aufbewahrungsbezeichnung","_ComplianceTag","Lookup","False","False","False",,"ComplianceTag","",""
"Dokumente","/sites/BenutzerLifecycle/Freigegebene Dokumente","Bezeichnung angewendet von","_ComplianceTagUserId","Lookup","False","False","False",,"ComplianceTagUserId","",""
"Dokumente","/sites/BenutzerLifecycle/Freigegebene Dokumente","Aufbewahrungsbezeichnung angewendet.","_ComplianceTagWrittenTime","Lookup","False","False","False",,"ComplianceTagWrittenTime","",""
"Dokumente","/sites/BenutzerLifecycle/Freigegebene Dokumente","Kopiequelle","_CopySource","Text","False","False","False",,,"",""
"Dokumente","/sites/BenutzerLifecycle/Freigegebene Dokumente","Vertraulichkeit","_DisplayName","Lookup","False","False","False",,"DisplayName","",""
"Dokumente","/sites/BenutzerLifecycle/Freigegebene Dokumente","Beschreibung","_ExtendedDescription","Note","False","False","False",,,"",""
"Dokumente","/sites/BenutzerLifecycle/Freigegebene Dokumente","Element ist eine Aufzeichnung","_IsRecord","Computed","False","False","False",,,"",""
"Dokumente","/sites/BenutzerLifecycle/Freigegebene Dokumente","Anzahl der Likes","_LikeCount","Lookup","False","False","False",,"LikeCount","",""
"Dokumente","/sites/BenutzerLifecycle/Freigegebene Dokumente","Version","_UIVersionString","Text","False","False","False",,,"",""
"Dokumente","/sites/BenutzerLifecycle/Freigegebene Dokumente","App erstellt von","AppAuthor","Lookup","False","False","False","AppPrincipals","Title","",""
"Dokumente","/sites/BenutzerLifecycle/Freigegebene Dokumente","App geändert von","AppEditor","Lookup","False","False","False","AppPrincipals","Title","",""
"Dokumente","/sites/BenutzerLifecycle/Freigegebene Dokumente","Erstellt von","Author","User","False","False","False",,"","",""
"Dokumente","/sites/BenutzerLifecycle/Freigegebene Dokumente","Ausgecheckt von","CheckoutUser","User","False","False","False",,"","",""
"Dokumente","/sites/BenutzerLifecycle/Freigegebene Dokumente","Complianceobjekt-ID","ComplianceAssetId","Text","False","False","False",,,"",""
"Dokumente","/sites/BenutzerLifecycle/Freigegebene Dokumente","Inhaltstyp","ContentType","Computed","False","False","False",,,"",""
"Dokumente","/sites/BenutzerLifecycle/Freigegebene Dokumente","Erstellt","Created","DateTime","False","False","False",,,"",""
"Dokumente","/sites/BenutzerLifecycle/Freigegebene Dokumente","Typ","DocIcon","Computed","False","False","False",,,"",""
"Dokumente","/sites/BenutzerLifecycle/Freigegebene Dokumente","Bearbeiten","Edit","Computed","False","False","False",,,"",""
"Dokumente","/sites/BenutzerLifecycle/Freigegebene Dokumente","Geändert von","Editor","User","False","False","False",,"","",""
"Dokumente","/sites/BenutzerLifecycle/Freigegebene Dokumente","Name","FileLeafRef","File","True","False","False",,,"",""
"Dokumente","/sites/BenutzerLifecycle/Freigegebene Dokumente","Dateigröße","FileSizeDisplay","Computed","False","False","False",,,"",""
"Dokumente","/sites/BenutzerLifecycle/Freigegebene Dokumente","Untergeordnete Ordneranzahl","FolderChildCount","Lookup","False","False","False",,"FolderChildCount","",""
"Dokumente","/sites/BenutzerLifecycle/Freigegebene Dokumente","ID","ID","Counter","False","False","False",,,"",""
"Dokumente","/sites/BenutzerLifecycle/Freigegebene Dokumente","Untergeordnete Elementanzahl","ItemChildCount","Lookup","False","False","False",,"ItemChildCount","",""
"Dokumente","/sites/BenutzerLifecycle/Freigegebene Dokumente","Name","LinkFilename","Computed","False","False","False",,,"",""
"Dokumente","/sites/BenutzerLifecycle/Freigegebene Dokumente","Name","LinkFilenameNoMenu","Computed","False","False","False",,,"",""
"Dokumente","/sites/BenutzerLifecycle/Freigegebene Dokumente","Geändert","Modified","DateTime","False","True","False",,,"",""
"Dokumente","/sites/BenutzerLifecycle/Freigegebene Dokumente","Quellenname (konvertiertes Dokument)","ParentLeafName","Lookup","False","False","False",,"ParentLeafName","",""
"Dokumente","/sites/BenutzerLifecycle/Freigegebene Dokumente","Quellenversion (konvertiertes Dokument)","ParentVersionString","Lookup","False","False","False",,"ParentVersionString","",""
"Dokumente","/sites/BenutzerLifecycle/Freigegebene Dokumente","Titel","Title","Text","False","False","False",,,"",""
"Formatbibliothek","/sites/BenutzerLifecycle/Style Library","Kommentar zum Einchecken","_CheckinComment","Lookup","False","False","False",,"CheckinComment","",""
"Formatbibliothek","/sites/BenutzerLifecycle/Style Library","Farbkennzeichnung","_ColorTag","Text","False","False","False",,,"",""
"Formatbibliothek","/sites/BenutzerLifecycle/Style Library","Anzahl der Kommentare","_CommentCount","Lookup","False","False","False",,"CommentCount","",""
"Formatbibliothek","/sites/BenutzerLifecycle/Style Library","Bezeichnungseinstellung","_ComplianceFlags","Lookup","False","False","False",,"ComplianceFlags","",""
"Formatbibliothek","/sites/BenutzerLifecycle/Style Library","Aufbewahrungsbezeichnung","_ComplianceTag","Lookup","False","False","False",,"ComplianceTag","",""
"Formatbibliothek","/sites/BenutzerLifecycle/Style Library","Bezeichnung angewendet von","_ComplianceTagUserId","Lookup","False","False","False",,"ComplianceTagUserId","",""
"Formatbibliothek","/sites/BenutzerLifecycle/Style Library","Aufbewahrungsbezeichnung angewendet.","_ComplianceTagWrittenTime","Lookup","False","False","False",,"ComplianceTagWrittenTime","",""
"Formatbibliothek","/sites/BenutzerLifecycle/Style Library","Kopiequelle","_CopySource","Text","False","False","False",,,"",""
"Formatbibliothek","/sites/BenutzerLifecycle/Style Library","Vertraulichkeit","_DisplayName","Lookup","False","False","False",,"DisplayName","",""
"Formatbibliothek","/sites/BenutzerLifecycle/Style Library","Beschreibung","_ExtendedDescription","Note","False","False","False",,,"",""
"Formatbibliothek","/sites/BenutzerLifecycle/Style Library","Element ist eine Aufzeichnung","_IsRecord","Computed","False","False","False",,,"",""
"Formatbibliothek","/sites/BenutzerLifecycle/Style Library","Anzahl der Likes","_LikeCount","Lookup","False","False","False",,"LikeCount","",""
"Formatbibliothek","/sites/BenutzerLifecycle/Style Library","Version","_UIVersionString","Text","False","False","False",,,"",""
"Formatbibliothek","/sites/BenutzerLifecycle/Style Library","App erstellt von","AppAuthor","Lookup","False","False","False","AppPrincipals","Title","",""
"Formatbibliothek","/sites/BenutzerLifecycle/Style Library","App geändert von","AppEditor","Lookup","False","False","False","AppPrincipals","Title","",""
"Formatbibliothek","/sites/BenutzerLifecycle/Style Library","Erstellt von","Author","User","False","False","False",,"","",""
"Formatbibliothek","/sites/BenutzerLifecycle/Style Library","Ausgecheckt von","CheckoutUser","User","False","False","False",,"","",""
"Formatbibliothek","/sites/BenutzerLifecycle/Style Library","Complianceobjekt-ID","ComplianceAssetId","Text","False","False","False",,,"",""
"Formatbibliothek","/sites/BenutzerLifecycle/Style Library","Inhaltstyp","ContentType","Computed","False","False","False",,,"",""
"Formatbibliothek","/sites/BenutzerLifecycle/Style Library","Erstellt","Created","DateTime","False","False","False",,,"",""
"Formatbibliothek","/sites/BenutzerLifecycle/Style Library","Typ","DocIcon","Computed","False","False","False",,,"",""
"Formatbibliothek","/sites/BenutzerLifecycle/Style Library","Bearbeiten","Edit","Computed","False","False","False",,,"",""
"Formatbibliothek","/sites/BenutzerLifecycle/Style Library","Geändert von","Editor","User","False","False","False",,"","",""
"Formatbibliothek","/sites/BenutzerLifecycle/Style Library","Name","FileLeafRef","File","True","False","False",,,"",""
"Formatbibliothek","/sites/BenutzerLifecycle/Style Library","Dateigröße","FileSizeDisplay","Computed","False","False","False",,,"",""
"Formatbibliothek","/sites/BenutzerLifecycle/Style Library","Untergeordnete Ordneranzahl","FolderChildCount","Lookup","False","False","False",,"FolderChildCount","",""
"Formatbibliothek","/sites/BenutzerLifecycle/Style Library","ID","ID","Counter","False","False","False",,,"",""
"Formatbibliothek","/sites/BenutzerLifecycle/Style Library","Untergeordnete Elementanzahl","ItemChildCount","Lookup","False","False","False",,"ItemChildCount","",""
"Formatbibliothek","/sites/BenutzerLifecycle/Style Library","Name","LinkFilename","Computed","False","False","False",,,"",""
"Formatbibliothek","/sites/BenutzerLifecycle/Style Library","Name","LinkFilenameNoMenu","Computed","False","False","False",,,"",""
"Formatbibliothek","/sites/BenutzerLifecycle/Style Library","Geändert","Modified","DateTime","False","False","False",,,"",""
"Formatbibliothek","/sites/BenutzerLifecycle/Style Library","Quellenname (konvertiertes Dokument)","ParentLeafName","Lookup","False","False","False",,"ParentLeafName","",""
"Formatbibliothek","/sites/BenutzerLifecycle/Style Library","Quellenversion (konvertiertes Dokument)","ParentVersionString","Lookup","False","False","False",,"ParentVersionString","",""
"Formatbibliothek","/sites/BenutzerLifecycle/Style Library","Titel","Title","Text","False","False","False",,,"",""
"Formularvorlagen","/sites/BenutzerLifecycle/FormServerTemplates","Kommentar zum Einchecken","_CheckinComment","Lookup","False","False","False",,"CheckinComment","",""
"Formularvorlagen","/sites/BenutzerLifecycle/FormServerTemplates","Farbkennzeichnung","_ColorTag","Text","False","False","False",,,"",""
"Formularvorlagen","/sites/BenutzerLifecycle/FormServerTemplates","Anzahl der Kommentare","_CommentCount","Lookup","False","False","False",,"CommentCount","",""
"Formularvorlagen","/sites/BenutzerLifecycle/FormServerTemplates","Bezeichnungseinstellung","_ComplianceFlags","Lookup","False","False","False",,"ComplianceFlags","",""
"Formularvorlagen","/sites/BenutzerLifecycle/FormServerTemplates","Aufbewahrungsbezeichnung","_ComplianceTag","Lookup","False","False","False",,"ComplianceTag","",""
"Formularvorlagen","/sites/BenutzerLifecycle/FormServerTemplates","Bezeichnung angewendet von","_ComplianceTagUserId","Lookup","False","False","False",,"ComplianceTagUserId","",""
"Formularvorlagen","/sites/BenutzerLifecycle/FormServerTemplates","Aufbewahrungsbezeichnung angewendet.","_ComplianceTagWrittenTime","Lookup","False","False","False",,"ComplianceTagWrittenTime","",""
"Formularvorlagen","/sites/BenutzerLifecycle/FormServerTemplates","Kopiequelle","_CopySource","Text","False","False","False",,,"",""
"Formularvorlagen","/sites/BenutzerLifecycle/FormServerTemplates","Vertraulichkeit","_DisplayName","Lookup","False","False","False",,"DisplayName","",""
"Formularvorlagen","/sites/BenutzerLifecycle/FormServerTemplates","Beschreibung","_ExtendedDescription","Note","False","False","False",,,"",""
"Formularvorlagen","/sites/BenutzerLifecycle/FormServerTemplates","Element ist eine Aufzeichnung","_IsRecord","Computed","False","False","False",,,"",""
"Formularvorlagen","/sites/BenutzerLifecycle/FormServerTemplates","Anzahl der Likes","_LikeCount","Lookup","False","False","False",,"LikeCount","",""
"Formularvorlagen","/sites/BenutzerLifecycle/FormServerTemplates","Version","_UIVersionString","Text","False","False","False",,,"",""
"Formularvorlagen","/sites/BenutzerLifecycle/FormServerTemplates","App erstellt von","AppAuthor","Lookup","False","False","False","AppPrincipals","Title","",""
"Formularvorlagen","/sites/BenutzerLifecycle/FormServerTemplates","App geändert von","AppEditor","Lookup","False","False","False","AppPrincipals","Title","",""
"Formularvorlagen","/sites/BenutzerLifecycle/FormServerTemplates","Erstellt von","Author","User","False","False","False",,"","",""
"Formularvorlagen","/sites/BenutzerLifecycle/FormServerTemplates","Ausgecheckt von","CheckoutUser","User","False","False","False",,"","",""
"Formularvorlagen","/sites/BenutzerLifecycle/FormServerTemplates","Complianceobjekt-ID","ComplianceAssetId","Text","False","False","False",,,"",""
"Formularvorlagen","/sites/BenutzerLifecycle/FormServerTemplates","Inhaltstyp","ContentType","Computed","False","False","False",,,"",""
"Formularvorlagen","/sites/BenutzerLifecycle/FormServerTemplates","Erstellt","Created","DateTime","False","False","False",,,"",""
"Formularvorlagen","/sites/BenutzerLifecycle/FormServerTemplates","Typ","DocIcon","Computed","False","False","False",,,"",""
"Formularvorlagen","/sites/BenutzerLifecycle/FormServerTemplates","Bearbeiten","Edit","Computed","False","False","False",,,"",""
"Formularvorlagen","/sites/BenutzerLifecycle/FormServerTemplates","Geändert von","Editor","User","False","False","False",,"","",""
"Formularvorlagen","/sites/BenutzerLifecycle/FormServerTemplates","Name","FileLeafRef","File","True","False","False",,,"",""
"Formularvorlagen","/sites/BenutzerLifecycle/FormServerTemplates","Dateigröße","FileSizeDisplay","Computed","False","False","False",,,"",""
"Formularvorlagen","/sites/BenutzerLifecycle/FormServerTemplates","Untergeordnete Ordneranzahl","FolderChildCount","Lookup","False","False","False",,"FolderChildCount","",""
"Formularvorlagen","/sites/BenutzerLifecycle/FormServerTemplates","Formularkategorie","FormCategory","Text","False","False","False",,,"",""
"Formularvorlagen","/sites/BenutzerLifecycle/FormServerTemplates","Formularbeschreibung","FormDescription","Text","False","False","False",,,"",""
"Formularvorlagen","/sites/BenutzerLifecycle/FormServerTemplates","Formular-ID","FormId","Text","False","False","False",,,"",""
"Formularvorlagen","/sites/BenutzerLifecycle/FormServerTemplates","Formulargebietsschema","FormLocale","Text","False","False","False",,,"",""
"Formularvorlagen","/sites/BenutzerLifecycle/FormServerTemplates","Formularname","FormName","Text","False","False","False",,,"",""
"Formularvorlagen","/sites/BenutzerLifecycle/FormServerTemplates","Formularversion","FormVersion","Text","False","False","False",,,"",""
"Formularvorlagen","/sites/BenutzerLifecycle/FormServerTemplates","ID","ID","Counter","False","False","False",,,"",""
"Formularvorlagen","/sites/BenutzerLifecycle/FormServerTemplates","Untergeordnete Elementanzahl","ItemChildCount","Lookup","False","False","False",,"ItemChildCount","",""
"Formularvorlagen","/sites/BenutzerLifecycle/FormServerTemplates","Name","LinkFilename","Computed","False","False","False",,,"",""
"Formularvorlagen","/sites/BenutzerLifecycle/FormServerTemplates","Name","LinkFilenameNoMenu","Computed","False","False","False",,,"",""
"Formularvorlagen","/sites/BenutzerLifecycle/FormServerTemplates","Formularname","LinkTemplateName","Computed","False","False","False",,,"",""
"Formularvorlagen","/sites/BenutzerLifecycle/FormServerTemplates","Geändert","Modified","DateTime","False","False","False",,,"",""
"Formularvorlagen","/sites/BenutzerLifecycle/FormServerTemplates","Quellenname (konvertiertes Dokument)","ParentLeafName","Lookup","False","False","False",,"ParentLeafName","",""
"Formularvorlagen","/sites/BenutzerLifecycle/FormServerTemplates","Quellenversion (konvertiertes Dokument)","ParentVersionString","Lookup","False","False","False",,"ParentVersionString","",""
"Formularvorlagen","/sites/BenutzerLifecycle/FormServerTemplates","Im Katalog anzeigen","ShowInCatalog","Boolean","False","False","False",,,"",""
"Formularvorlagen","/sites/BenutzerLifecycle/FormServerTemplates","Titel","Title","Text","False","False","False",,,"",""
"Websiteobjekte","/sites/BenutzerLifecycle/SiteAssets","Kommentar zum Einchecken","_CheckinComment","Lookup","False","False","False",,"CheckinComment","",""
"Websiteobjekte","/sites/BenutzerLifecycle/SiteAssets","Farbkennzeichnung","_ColorTag","Text","False","False","False",,,"",""
"Websiteobjekte","/sites/BenutzerLifecycle/SiteAssets","Anzahl der Kommentare","_CommentCount","Lookup","False","False","False",,"CommentCount","",""
"Websiteobjekte","/sites/BenutzerLifecycle/SiteAssets","Bezeichnungseinstellung","_ComplianceFlags","Lookup","False","False","False",,"ComplianceFlags","",""
"Websiteobjekte","/sites/BenutzerLifecycle/SiteAssets","Aufbewahrungsbezeichnung","_ComplianceTag","Lookup","False","False","False",,"ComplianceTag","",""
"Websiteobjekte","/sites/BenutzerLifecycle/SiteAssets","Bezeichnung angewendet von","_ComplianceTagUserId","Lookup","False","False","False",,"ComplianceTagUserId","",""
"Websiteobjekte","/sites/BenutzerLifecycle/SiteAssets","Aufbewahrungsbezeichnung angewendet.","_ComplianceTagWrittenTime","Lookup","False","False","False",,"ComplianceTagWrittenTime","",""
"Websiteobjekte","/sites/BenutzerLifecycle/SiteAssets","Kopiequelle","_CopySource","Text","False","False","False",,,"",""
"Websiteobjekte","/sites/BenutzerLifecycle/SiteAssets","Vertraulichkeit","_DisplayName","Lookup","False","False","False",,"DisplayName","",""
"Websiteobjekte","/sites/BenutzerLifecycle/SiteAssets","Beschreibung","_ExtendedDescription","Note","False","False","False",,,"",""
"Websiteobjekte","/sites/BenutzerLifecycle/SiteAssets","Element ist eine Aufzeichnung","_IsRecord","Computed","False","False","False",,,"",""
"Websiteobjekte","/sites/BenutzerLifecycle/SiteAssets","Anzahl der Likes","_LikeCount","Lookup","False","False","False",,"LikeCount","",""
"Websiteobjekte","/sites/BenutzerLifecycle/SiteAssets","Version","_UIVersionString","Text","False","False","False",,,"",""
"Websiteobjekte","/sites/BenutzerLifecycle/SiteAssets","App erstellt von","AppAuthor","Lookup","False","False","False","AppPrincipals","Title","",""
"Websiteobjekte","/sites/BenutzerLifecycle/SiteAssets","App geändert von","AppEditor","Lookup","False","False","False","AppPrincipals","Title","",""
"Websiteobjekte","/sites/BenutzerLifecycle/SiteAssets","Erstellt von","Author","User","False","False","False",,"","",""
"Websiteobjekte","/sites/BenutzerLifecycle/SiteAssets","Ausgecheckt von","CheckoutUser","User","False","False","False",,"","",""
"Websiteobjekte","/sites/BenutzerLifecycle/SiteAssets","Complianceobjekt-ID","ComplianceAssetId","Text","False","False","False",,,"",""
"Websiteobjekte","/sites/BenutzerLifecycle/SiteAssets","Inhaltstyp","ContentType","Computed","False","False","False",,,"",""
"Websiteobjekte","/sites/BenutzerLifecycle/SiteAssets","Erstellt","Created","DateTime","False","False","False",,,"",""
"Websiteobjekte","/sites/BenutzerLifecycle/SiteAssets","Typ","DocIcon","Computed","False","False","False",,,"",""
"Websiteobjekte","/sites/BenutzerLifecycle/SiteAssets","Bearbeiten","Edit","Computed","False","False","False",,,"",""
"Websiteobjekte","/sites/BenutzerLifecycle/SiteAssets","Geändert von","Editor","User","False","False","False",,"","",""
"Websiteobjekte","/sites/BenutzerLifecycle/SiteAssets","Name","FileLeafRef","File","True","False","False",,,"",""
"Websiteobjekte","/sites/BenutzerLifecycle/SiteAssets","Dateigröße","FileSizeDisplay","Computed","False","False","False",,,"",""
"Websiteobjekte","/sites/BenutzerLifecycle/SiteAssets","Untergeordnete Ordneranzahl","FolderChildCount","Lookup","False","False","False",,"FolderChildCount","",""
"Websiteobjekte","/sites/BenutzerLifecycle/SiteAssets","ID","ID","Counter","False","False","False",,,"",""
"Websiteobjekte","/sites/BenutzerLifecycle/SiteAssets","Untergeordnete Elementanzahl","ItemChildCount","Lookup","False","False","False",,"ItemChildCount","",""
"Websiteobjekte","/sites/BenutzerLifecycle/SiteAssets","Name","LinkFilename","Computed","False","False","False",,,"",""
"Websiteobjekte","/sites/BenutzerLifecycle/SiteAssets","Name","LinkFilenameNoMenu","Computed","False","False","False",,,"",""
"Websiteobjekte","/sites/BenutzerLifecycle/SiteAssets","Bildmarkierungen","MediaServiceImageTags","TaxonomyFieldTypeMulti","False","False","False",,"Term$Resources:core,Language;","","Field created by MediaTA"
"Websiteobjekte","/sites/BenutzerLifecycle/SiteAssets","Extracted Text","MediaServiceOCR","Note","False","False","False",,,"",""
"Websiteobjekte","/sites/BenutzerLifecycle/SiteAssets","Geändert","Modified","DateTime","False","False","False",,,"",""
"Websiteobjekte","/sites/BenutzerLifecycle/SiteAssets","Quellenname (konvertiertes Dokument)","ParentLeafName","Lookup","False","False","False",,"ParentLeafName","",""
"Websiteobjekte","/sites/BenutzerLifecycle/SiteAssets","Quellenversion (konvertiertes Dokument)","ParentVersionString","Lookup","False","False","False",,"ParentVersionString","",""
"Websiteobjekte","/sites/BenutzerLifecycle/SiteAssets","Titel","Title","Text","False","False","False",,,"",""
"Websiteseiten","/sites/BenutzerLifecycle/SitePages","Autorenangabe","_AuthorByline","UserMulti","False","False","False",,"","",""
"Websiteseiten","/sites/BenutzerLifecycle/SitePages","Kommentar zum Einchecken","_CheckinComment","Lookup","False","False","False",,"CheckinComment","",""
"Websiteseiten","/sites/BenutzerLifecycle/SitePages","Farbkennzeichnung","_ColorTag","Text","False","False","False",,,"",""
"Websiteseiten","/sites/BenutzerLifecycle/SitePages","Anzahl der Kommentare","_CommentCount","Lookup","False","False","False",,"CommentCount","",""
"Websiteseiten","/sites/BenutzerLifecycle/SitePages","Bezeichnungseinstellung","_ComplianceFlags","Lookup","False","False","False",,"ComplianceFlags","",""
"Websiteseiten","/sites/BenutzerLifecycle/SitePages","Aufbewahrungsbezeichnung","_ComplianceTag","Lookup","False","False","False",,"ComplianceTag","",""
"Websiteseiten","/sites/BenutzerLifecycle/SitePages","Bezeichnung angewendet von","_ComplianceTagUserId","Lookup","False","False","False",,"ComplianceTagUserId","",""
"Websiteseiten","/sites/BenutzerLifecycle/SitePages","Aufbewahrungsbezeichnung angewendet.","_ComplianceTagWrittenTime","Lookup","False","False","False",,"ComplianceTagWrittenTime","",""
"Websiteseiten","/sites/BenutzerLifecycle/SitePages","Kopiequelle","_CopySource","Text","False","False","False",,,"",""
"Websiteseiten","/sites/BenutzerLifecycle/SitePages","Vertraulichkeit","_DisplayName","Lookup","False","False","False",,"DisplayName","",""
"Websiteseiten","/sites/BenutzerLifecycle/SitePages","Element ist eine Aufzeichnung","_IsRecord","Computed","False","False","False",,,"",""
"Websiteseiten","/sites/BenutzerLifecycle/SitePages","Anzahl der Likes","_LikeCount","Lookup","False","False","False",,"LikeCount","",""
"Websiteseiten","/sites/BenutzerLifecycle/SitePages","Ursprüngliche Quelle: Element-ID","_OriginalSourceItemId","Guid","False","False","False",,,"",""
"Websiteseiten","/sites/BenutzerLifecycle/SitePages","Ursprüngliche Quelle: Listen-ID","_OriginalSourceListId","Guid","False","False","False",,,"",""
"Websiteseiten","/sites/BenutzerLifecycle/SitePages","Ursprüngliche Quelle: Site-ID","_OriginalSourceSiteId","Guid","False","False","False",,,"",""
"Websiteseiten","/sites/BenutzerLifecycle/SitePages","Ursprüngliche Quell-URL","_OriginalSourceUrl","Text","False","False","False",,,"",""
"Websiteseiten","/sites/BenutzerLifecycle/SitePages","Ursprüngliche Quelle: Web-ID","_OriginalSourceWebId","Guid","False","False","False",,,"",""
"Websiteseiten","/sites/BenutzerLifecycle/SitePages","Handlungsaufruf","_SPCallToAction","Note","False","False","False",,,"",""
"Websiteseiten","/sites/BenutzerLifecycle/SitePages","Siteseitenflags","_SPSitePageFlags","MultiChoice","False","False","False",,,"Template | MigratedFromServerRendered | TopicPage | PrivateAuthoring | IsFromPrivateAuthoring | IsFromAuthoringCopilot",""
"Websiteseiten","/sites/BenutzerLifecycle/SitePages","Themenkopfzeile","_TopicHeader","Text","False","False","False",,,"",""
"Websiteseiten","/sites/BenutzerLifecycle/SitePages","Version","_UIVersionString","Text","False","False","False",,,"",""
"Websiteseiten","/sites/BenutzerLifecycle/SitePages","App erstellt von","AppAuthor","Lookup","False","False","False","AppPrincipals","Title","",""
"Websiteseiten","/sites/BenutzerLifecycle/SitePages","App geändert von","AppEditor","Lookup","False","False","False","AppPrincipals","Title","",""
"Websiteseiten","/sites/BenutzerLifecycle/SitePages","Erstellt von","Author","User","False","False","False",,"","",""
"Websiteseiten","/sites/BenutzerLifecycle/SitePages","Bannergrafik-URL","BannerImageUrl","URL","False","False","False",,,"","Die URL der Bannergrafik."
"Websiteseiten","/sites/BenutzerLifecycle/SitePages","Inhalt des Dokumenterstellungsbereichs","CanvasContent1","HTML","False","False","False",,,"","In dieser Spalte wird der Inhalt des Dokumenterstellungsbereichs auf einer Websiteseite gespeichert."
"Websiteseiten","/sites/BenutzerLifecycle/SitePages","Ausgecheckt von","CheckoutUser","User","False","False","False",,"","",""
"Websiteseiten","/sites/BenutzerLifecycle/SitePages","Complianceobjekt-ID","ComplianceAssetId","Text","False","False","False",,,"",""
"Websiteseiten","/sites/BenutzerLifecycle/SitePages","Inhaltstyp","ContentType","Computed","False","False","False",,,"",""
"Websiteseiten","/sites/BenutzerLifecycle/SitePages","Erstellt","Created","DateTime","False","False","False",,,"",""
"Websiteseiten","/sites/BenutzerLifecycle/SitePages","Beschreibung","Description","Note","False","False","False",,,"",""
"Websiteseiten","/sites/BenutzerLifecycle/SitePages","Typ","DocIcon","Computed","False","False","False",,,"",""
"Websiteseiten","/sites/BenutzerLifecycle/SitePages","Bearbeiten","Edit","Computed","False","False","False",,,"",""
"Websiteseiten","/sites/BenutzerLifecycle/SitePages","Geändert von","Editor","User","False","False","False",,"","",""
"Websiteseiten","/sites/BenutzerLifecycle/SitePages","Name","FileLeafRef","File","True","False","False",,,"",""
"Websiteseiten","/sites/BenutzerLifecycle/SitePages","Dateigröße","FileSizeDisplay","Computed","False","False","False",,,"",""
"Websiteseiten","/sites/BenutzerLifecycle/SitePages","Datum der ersten Veröffentlichung","FirstPublishedDate","DateTime","False","True","False",,,"",""
"Websiteseiten","/sites/BenutzerLifecycle/SitePages","Untergeordnete Ordneranzahl","FolderChildCount","Lookup","False","False","False",,"FolderChildCount","",""
"Websiteseiten","/sites/BenutzerLifecycle/SitePages","ID","ID","Counter","False","False","False",,,"",""
"Websiteseiten","/sites/BenutzerLifecycle/SitePages","Untergeordnete Elementanzahl","ItemChildCount","Lookup","False","False","False",,"ItemChildCount","",""
"Websiteseiten","/sites/BenutzerLifecycle/SitePages","Seitenlayoutinhalt","LayoutWebpartsContent","HTML","False","False","False",,,"","Diese Spalte speichert den Inhalt von Webparts im Seitenlayout auf einer Websiteseite."
"Websiteseiten","/sites/BenutzerLifecycle/SitePages","Name","LinkFilename","Computed","False","False","False",,,"",""
"Websiteseiten","/sites/BenutzerLifecycle/SitePages","Name","LinkFilenameNoMenu","Computed","False","False","False",,,"",""
"Websiteseiten","/sites/BenutzerLifecycle/SitePages","Titel","LinkTitle","Computed","False","False","False",,,"",""
"Websiteseiten","/sites/BenutzerLifecycle/SitePages","Geändert","Modified","DateTime","False","True","False",,,"",""
"Websiteseiten","/sites/BenutzerLifecycle/SitePages","Quellenname (konvertiertes Dokument)","ParentLeafName","Lookup","False","False","False",,"ParentLeafName","",""
"Websiteseiten","/sites/BenutzerLifecycle/SitePages","Quellenversion (konvertiertes Dokument)","ParentVersionString","Lookup","False","False","False",,"ParentVersionString","",""
"Websiteseiten","/sites/BenutzerLifecycle/SitePages","Höher gestufter Zustand","PromotedState","Number","False","False","False",,,"",""
"Websiteseiten","/sites/BenutzerLifecycle/SitePages","Titel","Title","Text","False","False","False",,,"",""
"Websiteseiten","/sites/BenutzerLifecycle/SitePages","Wiki-Inhalt","WikiField","Note","False","False","False",,,"",""
